externalId;title;description;status;priority;dueDate;customerExternalId;orderGiverExternalId;siteExternalId;tags
DOS-0001;Dossier import 1;;open;medium;;CLI-0001;DO-0001;SITE-0001;
DOS-0002;Dossier import 2;;in_progress;high;;CLI-0002;DO-0002;SITE-0002;import
DOS-0003;Dossier import 3;;waiting;urgent;;CLI-0003;DO-0003;SITE-0003;import|tag3
DOS-0004;Dossier import 4;Description dossier 4;completed;low;2025-05-05;CLI-0004;DO-0004;SITE-0004;import
DOS-0005;Dossier import 5;;cancelled;medium;2026-06-06;CLI-0005;;SITE-0005;
DOS-0006;Dossier import 6;;draft;high;;CLI-0006;DO-0006;SITE-0006;import|tag6
DOS-0007;Dossier import 7;;open;urgent;;CLI-0007;DO-0007;;
DOS-0008;Dossier import 8;Description dossier 8;in_progress;low;2027-09-09;CLI-0008;DO-0008;SITE-0008;import
DOS-0009;Dossier import 9;;waiting;medium;;CLI-0009;DO-0009;SITE-0009;import|tag9
DOS-0010;Dossier import 10;;completed;high;2025-11-11;CLI-0010;;SITE-0010;import
DOS-0011;Dossier import 11;;cancelled;urgent;2026-12-12;CLI-0011;DO-0011;SITE-0011;
DOS-0012;Dossier import 12;Description dossier 12;draft;low;2025-01-13;CLI-0012;DO-0012;SITE-0012;import|tag2
DOS-0013;Dossier import 13;;open;medium;;CLI-0013;DO-0013;SITE-0013;
DOS-0014;Dossier import 14;;in_progress;high;;CLI-0014;DO-0014;;import
DOS-0015;Dossier import 15;;waiting;urgent;;CLI-0015;;SITE-0015;import|tag5
DOS-0016;Dossier import 16;Description dossier 16;completed;low;2025-05-17;CLI-0016;DO-0016;SITE-0016;import
DOS-0017;Dossier import 17;;cancelled;medium;2026-06-18;CLI-0017;DO-0017;SITE-0017;
DOS-0018;Dossier import 18;;draft;high;;CLI-0018;DO-0018;SITE-0018;import|tag8
DOS-0019;Dossier import 19;;open;urgent;;CLI-0019;DO-0019;SITE-0019;
DOS-0020;Dossier import 20;Description dossier 20;in_progress;low;2027-09-21;CLI-0020;;SITE-0020;import
DOS-0021;Dossier import 21;;waiting;medium;;CLI-0021;DO-0021;;import|tag1
DOS-0022;Dossier import 22;;completed;high;2025-11-23;CLI-0022;DO-0022;SITE-0022;import
DOS-0023;Dossier import 23;;cancelled;urgent;2026-12-24;CLI-0023;DO-0023;SITE-0023;
DOS-0024;Dossier import 24;Description dossier 24;draft;low;2025-01-25;CLI-0024;DO-0024;SITE-0024;import|tag4
DOS-0025;Dossier import 25;;open;medium;;CLI-0025;;SITE-0025;
DOS-0026;Dossier import 26;;in_progress;high;;CLI-0026;DO-0026;SITE-0026;import
DOS-0027;Dossier import 27;;waiting;urgent;;CLI-0027;DO-0027;SITE-0027;import|tag7
DOS-0028;Dossier import 28;Description dossier 28;completed;low;2025-05-02;CLI-0028;DO-0028;;import
DOS-0029;Dossier import 29;;cancelled;medium;2026-06-03;CLI-0029;DO-0029;SITE-0029;
DOS-0030;Dossier import 30;;draft;high;;CLI-0030;;SITE-0030;import|tag0
DOS-0031;Dossier import 31;;open;urgent;;CLI-0031;DO-0031;SITE-0031;
DOS-0032;Dossier import 32;Description dossier 32;in_progress;low;2027-09-06;CLI-0032;DO-0032;SITE-0032;import
DOS-0033;Dossier import 33;;waiting;medium;;CLI-0033;DO-0033;SITE-0033;import|tag3
DOS-0034;Dossier import 34;;completed;high;2025-11-08;CLI-0034;DO-0034;SITE-0034;import
DOS-0035;Dossier import 35;;cancelled;urgent;2026-12-09;CLI-0035;;;
DOS-0036;Dossier import 36;Description dossier 36;draft;low;2025-01-10;CLI-0036;DO-0036;SITE-0036;import|tag6
DOS-0037;Dossier import 37;;open;medium;;CLI-0037;DO-0037;SITE-0037;
DOS-0038;Dossier import 38;;in_progress;high;;CLI-0038;DO-0038;SITE-0038;import
DOS-0039;Dossier import 39;;waiting;urgent;;CLI-0039;DO-0039;SITE-0039;import|tag9
DOS-0040;Dossier import 40;Description dossier 40;completed;low;2025-05-14;CLI-0040;;SITE-0040;import
DOS-0041;Dossier import 41;;cancelled;medium;2026-06-15;CLI-0041;DO-0041;SITE-0041;
DOS-0042;Dossier import 42;;draft;high;;CLI-0042;DO-0042;;import|tag2
DOS-0043;Dossier import 43;;open;urgent;;CLI-0043;DO-0043;SITE-0043;
DOS-0044;Dossier import 44;Description dossier 44;in_progress;low;2027-09-18;CLI-0044;DO-0044;SITE-0044;import
DOS-0045;Dossier import 45;;waiting;medium;;CLI-0045;;SITE-0045;import|tag5
DOS-0046;Dossier import 46;;completed;high;2025-11-20;CLI-0046;DO-0046;SITE-0046;import
DOS-0047;Dossier import 47;;cancelled;urgent;2026-12-21;CLI-0047;DO-0047;SITE-0047;
DOS-0048;Dossier import 48;Description dossier 48;draft;low;2025-01-22;CLI-0048;DO-0048;SITE-0048;import|tag8
DOS-0049;Dossier import 49;;open;medium;;CLI-0049;DO-0049;;
DOS-0050;Dossier import 50;;in_progress;high;;CLI-0050;;SITE-0050;import
DOS-0051;Dossier import 51;;waiting;urgent;;CLI-0051;DO-0051;SITE-0051;import|tag1
DOS-0052;Dossier import 52;Description dossier 52;completed;low;2025-05-26;CLI-0052;DO-0052;SITE-0052;import
DOS-0053;Dossier import 53;;cancelled;medium;2026-06-27;CLI-0053;DO-0053;SITE-0053;
DOS-0054;Dossier import 54;;draft;high;;CLI-0054;DO-0054;SITE-0054;import|tag4
DOS-0055;Dossier import 55;;open;urgent;;CLI-0055;;SITE-0055;
DOS-0056;Dossier import 56;Description dossier 56;in_progress;low;2027-09-03;CLI-0056;DO-0056;;import
DOS-0057;Dossier import 57;;waiting;medium;;CLI-0057;DO-0057;SITE-0057;import|tag7
DOS-0058;Dossier import 58;;completed;high;2025-11-05;CLI-0058;DO-0058;SITE-0058;import
DOS-0059;Dossier import 59;;cancelled;urgent;2026-12-06;CLI-0059;DO-0059;SITE-0059;
DOS-0060;Dossier import 60;Description dossier 60;draft;low;2025-01-07;CLI-0060;;SITE-0060;import|tag0
DOS-0061;Dossier import 61;;open;medium;;CLI-0061;DO-0061;SITE-0061;
DOS-0062;Dossier import 62;;in_progress;high;;CLI-0062;DO-0062;SITE-0062;import
DOS-0063;Dossier import 63;;waiting;urgent;;CLI-0063;DO-0063;;import|tag3
DOS-0064;Dossier import 64;Description dossier 64;completed;low;2025-05-11;CLI-0064;DO-0064;SITE-0064;import
DOS-0065;Dossier import 65;;cancelled;medium;2026-06-12;CLI-0065;;SITE-0065;
DOS-0066;Dossier import 66;;draft;high;;CLI-0066;DO-0066;SITE-0066;import|tag6
DOS-0067;Dossier import 67;;open;urgent;;CLI-0067;DO-0067;SITE-0067;
DOS-0068;Dossier import 68;Description dossier 68;in_progress;low;2027-09-15;CLI-0068;DO-0068;SITE-0068;import
DOS-0069;Dossier import 69;;waiting;medium;;CLI-0069;DO-0069;SITE-0069;import|tag9
DOS-0070;Dossier import 70;;completed;high;2025-11-17;CLI-0070;;;import
DOS-0071;Dossier import 71;;cancelled;urgent;2026-12-18;CLI-0071;DO-0071;SITE-0071;
DOS-0072;Dossier import 72;Description dossier 72;draft;low;2025-01-19;CLI-0072;DO-0072;SITE-0072;import|tag2
DOS-0073;Dossier import 73;;open;medium;;CLI-0073;DO-0073;SITE-0073;
DOS-0074;Dossier import 74;;in_progress;high;;CLI-0074;DO-0074;SITE-0074;import
DOS-0075;Dossier import 75;;waiting;urgent;;CLI-0075;;SITE-0075;import|tag5
DOS-0076;Dossier import 76;Description dossier 76;completed;low;2025-05-23;CLI-0076;DO-0076;SITE-0076;import
DOS-0077;Dossier import 77;;cancelled;medium;2026-06-24;CLI-0077;DO-0077;;
DOS-0078;Dossier import 78;;draft;high;;CLI-0078;DO-0078;SITE-0078;import|tag8
DOS-0079;Dossier import 79;;open;urgent;;CLI-0079;DO-0079;SITE-0079;
DOS-0080;Dossier import 80;Description dossier 80;in_progress;low;2027-09-27;CLI-0080;;SITE-0080;import
DOS-0081;Dossier import 81;;waiting;medium;;CLI-0081;DO-0081;SITE-0081;import|tag1
DOS-0082;Dossier import 82;;completed;high;2025-11-02;CLI-0082;DO-0082;SITE-0082;import
DOS-0083;Dossier import 83;;cancelled;urgent;2026-12-03;CLI-0083;DO-0083;SITE-0083;
DOS-0084;Dossier import 84;Description dossier 84;draft;low;2025-01-04;CLI-0084;DO-0084;;import|tag4
DOS-0085;Dossier import 85;;open;medium;;CLI-0085;;SITE-0085;
DOS-0086;Dossier import 86;;in_progress;high;;CLI-0086;DO-0086;SITE-0086;import
DOS-0087;Dossier import 87;;waiting;urgent;;CLI-0087;DO-0087;SITE-0087;import|tag7
DOS-0088;Dossier import 88;Description dossier 88;completed;low;2025-05-08;CLI-0088;DO-0088;SITE-0088;import
DOS-0089;Dossier import 89;;cancelled;medium;2026-06-09;CLI-0089;DO-0089;SITE-0089;
DOS-0090;Dossier import 90;;draft;high;;CLI-0090;;SITE-0090;import|tag0
DOS-0091;Dossier import 91;;open;urgent;;CLI-0091;DO-0091;;
DOS-0092;Dossier import 92;Description dossier 92;in_progress;low;2027-09-12;CLI-0092;DO-0092;SITE-0092;import
DOS-0093;Dossier import 93;;waiting;medium;;CLI-0093;DO-0093;SITE-0093;import|tag3
DOS-0094;Dossier import 94;;completed;high;2025-11-14;CLI-0094;DO-0094;SITE-0094;import
DOS-0095;Dossier import 95;;cancelled;urgent;2026-12-15;CLI-0095;;SITE-0095;
DOS-0096;Dossier import 96;Description dossier 96;draft;low;2025-01-16;CLI-0096;DO-0096;SITE-0096;import|tag6
DOS-0097;Dossier import 97;;open;medium;;CLI-0097;DO-0097;SITE-0097;
DOS-0098;Dossier import 98;;in_progress;high;;CLI-0098;DO-0098;;import
DOS-0099;Dossier import 99;;waiting;urgent;;CLI-0099;DO-0099;SITE-0099;import|tag9
DOS-0100;Dossier import 100;Description dossier 100;completed;low;2025-05-20;CLI-0100;;SITE-0100;import
DOS-0101;Dossier import 101;;cancelled;medium;2026-06-21;CLI-0101;DO-0101;SITE-0101;
DOS-0102;Dossier import 102;;draft;high;;CLI-0102;DO-0102;SITE-0102;import|tag2
DOS-0103;Dossier import 103;;open;urgent;;CLI-0103;DO-0103;SITE-0103;
DOS-0104;Dossier import 104;Description dossier 104;in_progress;low;2027-09-24;CLI-0104;DO-0104;SITE-0104;import
DOS-0105;Dossier import 105;;waiting;medium;;CLI-0105;;;import|tag5
DOS-0106;Dossier import 106;;completed;high;2025-11-26;CLI-0106;DO-0106;SITE-0106;import
DOS-0107;Dossier import 107;;cancelled;urgent;2026-12-27;CLI-0107;DO-0107;SITE-0107;
DOS-0108;Dossier import 108;Description dossier 108;draft;low;2025-01-01;CLI-0108;DO-0108;SITE-0108;import|tag8
DOS-0109;Dossier import 109;;open;medium;;CLI-0109;DO-0109;SITE-0109;
DOS-0110;Dossier import 110;;in_progress;high;;CLI-0110;;SITE-0110;import
DOS-0111;Dossier import 111;;waiting;urgent;;CLI-0111;DO-0111;SITE-0111;import|tag1
DOS-0112;Dossier import 112;Description dossier 112;completed;low;2025-05-05;CLI-0112;DO-0112;;import
DOS-0113;Dossier import 113;;cancelled;medium;2026-06-06;CLI-0113;DO-0113;SITE-0113;
DOS-0114;Dossier import 114;;draft;high;;CLI-0114;DO-0114;SITE-0114;import|tag4
DOS-0115;Dossier import 115;;open;urgent;;CLI-0115;;SITE-0115;
DOS-0116;Dossier import 116;Description dossier 116;in_progress;low;2027-09-09;CLI-0116;DO-0116;SITE-0116;import
DOS-0117;Dossier import 117;;waiting;medium;;CLI-0117;DO-0117;SITE-0117;import|tag7
DOS-0118;Dossier import 118;;completed;high;2025-11-11;CLI-0118;DO-0118;SITE-0118;import
DOS-0119;Dossier import 119;;cancelled;urgent;2026-12-12;CLI-0119;DO-0119;;
DOS-0120;Dossier import 120;Description dossier 120;draft;low;2025-01-13;CLI-0120;;SITE-0120;import|tag0
DOS-0121;Dossier import 121;;open;medium;;CLI-0121;DO-0121;SITE-0121;
DOS-0122;Dossier import 122;;in_progress;high;;CLI-0122;DO-0122;SITE-0122;import
DOS-0123;Dossier import 123;;waiting;urgent;;CLI-0123;DO-0123;SITE-0123;import|tag3
DOS-0124;Dossier import 124;Description dossier 124;completed;low;2025-05-17;CLI-0124;DO-0124;SITE-0124;import
DOS-0125;Dossier import 125;;cancelled;medium;2026-06-18;CLI-0125;;SITE-0125;
DOS-0126;Dossier import 126;;draft;high;;CLI-0126;DO-0126;;import|tag6
DOS-0127;Dossier import 127;;open;urgent;;CLI-0127;DO-0127;SITE-0127;
DOS-0128;Dossier import 128;Description dossier 128;in_progress;low;2027-09-21;CLI-0128;DO-0128;SITE-0128;import
DOS-0129;Dossier import 129;;waiting;medium;;CLI-0129;DO-0129;SITE-0129;import|tag9
DOS-0130;Dossier import 130;;completed;high;2025-11-23;CLI-0130;;SITE-0130;import
DOS-0131;Dossier import 131;;cancelled;urgent;2026-12-24;CLI-0131;DO-0131;SITE-0131;
DOS-0132;Dossier import 132;Description dossier 132;draft;low;2025-01-25;CLI-0132;DO-0132;SITE-0132;import|tag2
DOS-0133;Dossier import 133;;open;medium;;CLI-0133;DO-0133;;
DOS-0134;Dossier import 134;;in_progress;high;;CLI-0134;DO-0134;SITE-0134;import
DOS-0135;Dossier import 135;;waiting;urgent;;CLI-0135;;SITE-0135;import|tag5
DOS-0136;Dossier import 136;Description dossier 136;completed;low;2025-05-02;CLI-0136;DO-0136;SITE-0136;import
DOS-0137;Dossier import 137;;cancelled;medium;2026-06-03;CLI-0137;DO-0137;SITE-0137;
DOS-0138;Dossier import 138;;draft;high;;CLI-0138;DO-0138;SITE-0138;import|tag8
DOS-0139;Dossier import 139;;open;urgent;;CLI-0139;DO-0139;SITE-0139;
DOS-0140;Dossier import 140;Description dossier 140;in_progress;low;2027-09-06;CLI-0140;;;import
DOS-0141;Dossier import 141;;waiting;medium;;CLI-0141;DO-0141;SITE-0141;import|tag1
DOS-0142;Dossier import 142;;completed;high;2025-11-08;CLI-0142;DO-0142;SITE-0142;import
DOS-0143;Dossier import 143;;cancelled;urgent;2026-12-09;CLI-0143;DO-0143;SITE-0143;
DOS-0144;Dossier import 144;Description dossier 144;draft;low;2025-01-10;CLI-0144;DO-0144;SITE-0144;import|tag4
DOS-0145;Dossier import 145;;open;medium;;CLI-0145;;SITE-0145;
DOS-0146;Dossier import 146;;in_progress;high;;CLI-0146;DO-0146;SITE-0146;import
DOS-0147;Dossier import 147;;waiting;urgent;;CLI-0147;DO-0147;;import|tag7
DOS-0148;Dossier import 148;Description dossier 148;completed;low;2025-05-14;CLI-0148;DO-0148;SITE-0148;import
DOS-0149;Dossier import 149;;cancelled;medium;2026-06-15;CLI-0149;DO-0149;SITE-0149;
DOS-0150;Dossier import 150;;draft;high;;CLI-0150;;SITE-0150;import|tag0
DOS-0151;Dossier import 151;;open;urgent;;CLI-0151;DO-0151;SITE-0151;
DOS-0152;Dossier import 152;Description dossier 152;in_progress;low;2027-09-18;CLI-0152;DO-0152;SITE-0152;import
DOS-0153;Dossier import 153;;waiting;medium;;CLI-0153;DO-0153;SITE-0153;import|tag3
DOS-0154;Dossier import 154;;completed;high;2025-11-20;CLI-0154;DO-0154;;import
DOS-0155;Dossier import 155;;cancelled;urgent;2026-12-21;CLI-0155;;SITE-0155;
DOS-0156;Dossier import 156;Description dossier 156;draft;low;2025-01-22;CLI-0156;DO-0156;SITE-0156;import|tag6
DOS-0157;Dossier import 157;;open;medium;;CLI-0157;DO-0157;SITE-0157;
DOS-0158;Dossier import 158;;in_progress;high;;CLI-0158;DO-0158;SITE-0158;import
DOS-0159;Dossier import 159;;waiting;urgent;;CLI-0159;DO-0159;SITE-0159;import|tag9
DOS-0160;Dossier import 160;Description dossier 160;completed;low;2025-05-26;CLI-0160;;SITE-0160;import
DOS-0161;Dossier import 161;;cancelled;medium;2026-06-27;CLI-0161;DO-0161;;
DOS-0162;Dossier import 162;;draft;high;;CLI-0162;DO-0162;SITE-0162;import|tag2
DOS-0163;Dossier import 163;;open;urgent;;CLI-0163;DO-0163;SITE-0163;
DOS-0164;Dossier import 164;Description dossier 164;in_progress;low;2027-09-03;CLI-0164;DO-0164;SITE-0164;import
DOS-0165;Dossier import 165;;waiting;medium;;CLI-0165;;SITE-0165;import|tag5
DOS-0166;Dossier import 166;;completed;high;2025-11-05;CLI-0166;DO-0166;SITE-0166;import
DOS-0167;Dossier import 167;;cancelled;urgent;2026-12-06;CLI-0167;DO-0167;SITE-0167;
DOS-0168;Dossier import 168;Description dossier 168;draft;low;2025-01-07;CLI-0168;DO-0168;;import|tag8
DOS-0169;Dossier import 169;;open;medium;;CLI-0169;DO-0169;SITE-0169;
DOS-0170;Dossier import 170;;in_progress;high;;CLI-0170;;SITE-0170;import
DOS-0171;Dossier import 171;;waiting;urgent;;CLI-0171;DO-0171;SITE-0171;import|tag1
DOS-0172;Dossier import 172;Description dossier 172;completed;low;2025-05-11;CLI-0172;DO-0172;SITE-0172;import
DOS-0173;Dossier import 173;;cancelled;medium;2026-06-12;CLI-0173;DO-0173;SITE-0173;
DOS-0174;Dossier import 174;;draft;high;;CLI-0174;DO-0174;SITE-0174;import|tag4
DOS-0175;Dossier import 175;;open;urgent;;CLI-0175;;;
DOS-0176;Dossier import 176;Description dossier 176;in_progress;low;2027-09-15;CLI-0176;DO-0176;SITE-0176;import
DOS-0177;Dossier import 177;;waiting;medium;;CLI-0177;DO-0177;SITE-0177;import|tag7
DOS-0178;Dossier import 178;;completed;high;2025-11-17;CLI-0178;DO-0178;SITE-0178;import
DOS-0179;Dossier import 179;;cancelled;urgent;2026-12-18;CLI-0179;DO-0179;SITE-0179;
DOS-0180;Dossier import 180;Description dossier 180;draft;low;2025-01-19;CLI-0180;;SITE-0180;import|tag0
DOS-0181;Dossier import 181;;open;medium;;CLI-0181;DO-0181;SITE-0181;
DOS-0182;Dossier import 182;;in_progress;high;;CLI-0182;DO-0182;;import
DOS-0183;Dossier import 183;;waiting;urgent;;CLI-0183;DO-0183;SITE-0183;import|tag3
DOS-0184;Dossier import 184;Description dossier 184;completed;low;2025-05-23;CLI-0184;DO-0184;SITE-0184;import
DOS-0185;Dossier import 185;;cancelled;medium;2026-06-24;CLI-0185;;SITE-0185;
DOS-0186;Dossier import 186;;draft;high;;CLI-0186;DO-0186;SITE-0186;import|tag6
DOS-0187;Dossier import 187;;open;urgent;;CLI-0187;DO-0187;SITE-0187;
DOS-0188;Dossier import 188;Description dossier 188;in_progress;low;2027-09-27;CLI-0188;DO-0188;SITE-0188;import
DOS-0189;Dossier import 189;;waiting;medium;;CLI-0189;DO-0189;;import|tag9
DOS-0190;Dossier import 190;;completed;high;2025-11-02;CLI-0190;;SITE-0190;import
DOS-0191;Dossier import 191;;cancelled;urgent;2026-12-03;CLI-0191;DO-0191;SITE-0191;
DOS-0192;Dossier import 192;Description dossier 192;draft;low;2025-01-04;CLI-0192;DO-0192;SITE-0192;import|tag2
DOS-0193;Dossier import 193;;open;medium;;CLI-0193;DO-0193;SITE-0193;
DOS-0194;Dossier import 194;;in_progress;high;;CLI-0194;DO-0194;SITE-0194;import
DOS-0195;Dossier import 195;;waiting;urgent;;CLI-0195;;SITE-0195;import|tag5
DOS-0196;Dossier import 196;Description dossier 196;completed;low;2025-05-08;CLI-0196;DO-0196;;import
DOS-0197;Dossier import 197;;cancelled;medium;2026-06-09;CLI-0197;DO-0197;SITE-0197;
DOS-0198;Dossier import 198;;draft;high;;CLI-0198;DO-0198;SITE-0198;import|tag8
DOS-0199;Dossier import 199;;open;urgent;;CLI-0199;DO-0199;SITE-0199;
DOS-0200;Dossier import 200;Description dossier 200;in_progress;low;2027-09-12;CLI-0200;;SITE-0200;import
DOS-0201;Dossier import 201;;waiting;medium;;CLI-0201;DO-0201;SITE-0201;import|tag1
DOS-0202;Dossier import 202;;completed;high;2025-11-14;CLI-0202;DO-0202;SITE-0202;import
DOS-0203;Dossier import 203;;cancelled;urgent;2026-12-15;CLI-0203;DO-0203;;
DOS-0204;Dossier import 204;Description dossier 204;draft;low;2025-01-16;CLI-0204;DO-0204;SITE-0204;import|tag4
DOS-0205;Dossier import 205;;open;medium;;CLI-0205;;SITE-0205;
DOS-0206;Dossier import 206;;in_progress;high;;CLI-0206;DO-0206;SITE-0206;import
DOS-0207;Dossier import 207;;waiting;urgent;;CLI-0207;DO-0207;SITE-0207;import|tag7
DOS-0208;Dossier import 208;Description dossier 208;completed;low;2025-05-20;CLI-0208;DO-0208;SITE-0208;import
DOS-0209;Dossier import 209;;cancelled;medium;2026-06-21;CLI-0209;DO-0209;SITE-0209;
DOS-0210;Dossier import 210;;draft;high;;CLI-0210;;;import|tag0
DOS-0211;Dossier import 211;;open;urgent;;CLI-0211;DO-0211;SITE-0211;
DOS-0212;Dossier import 212;Description dossier 212;in_progress;low;2027-09-24;CLI-0212;DO-0212;SITE-0212;import
DOS-0213;Dossier import 213;;waiting;medium;;CLI-0213;DO-0213;SITE-0213;import|tag3
DOS-0214;Dossier import 214;;completed;high;2025-11-26;CLI-0214;DO-0214;SITE-0214;import
DOS-0215;Dossier import 215;;cancelled;urgent;2026-12-27;CLI-0215;;SITE-0215;
DOS-0216;Dossier import 216;Description dossier 216;draft;low;2025-01-01;CLI-0216;DO-0216;SITE-0216;import|tag6
DOS-0217;Dossier import 217;;open;medium;;CLI-0217;DO-0217;;
DOS-0218;Dossier import 218;;in_progress;high;;CLI-0218;DO-0218;SITE-0218;import
DOS-0219;Dossier import 219;;waiting;urgent;;CLI-0219;DO-0219;SITE-0219;import|tag9
DOS-0220;Dossier import 220;Description dossier 220;completed;low;2025-05-05;CLI-0220;;SITE-0220;import
DOS-0221;Dossier import 221;;cancelled;medium;2026-06-06;CLI-0221;DO-0221;SITE-0221;
DOS-0222;Dossier import 222;;draft;high;;CLI-0222;DO-0222;SITE-0222;import|tag2
DOS-0223;Dossier import 223;;open;urgent;;CLI-0223;DO-0223;SITE-0223;
DOS-0224;Dossier import 224;Description dossier 224;in_progress;low;2027-09-09;CLI-0224;DO-0224;;import
DOS-0225;Dossier import 225;;waiting;medium;;CLI-0225;;SITE-0225;import|tag5
DOS-0226;Dossier import 226;;completed;high;2025-11-11;CLI-0226;DO-0226;SITE-0226;import
DOS-0227;Dossier import 227;;cancelled;urgent;2026-12-12;CLI-0227;DO-0227;SITE-0227;
DOS-0228;Dossier import 228;Description dossier 228;draft;low;2025-01-13;CLI-0228;DO-0228;SITE-0228;import|tag8
DOS-0229;Dossier import 229;;open;medium;;CLI-0229;DO-0229;SITE-0229;
DOS-0230;Dossier import 230;;in_progress;high;;CLI-0230;;SITE-0230;import
DOS-0231;Dossier import 231;;waiting;urgent;;CLI-0231;DO-0231;;import|tag1
DOS-0232;Dossier import 232;Description dossier 232;completed;low;2025-05-17;CLI-0232;DO-0232;SITE-0232;import
DOS-0233;Dossier import 233;;cancelled;medium;2026-06-18;CLI-0233;DO-0233;SITE-0233;
DOS-0234;Dossier import 234;;draft;high;;CLI-0234;DO-0234;SITE-0234;import|tag4
DOS-0235;Dossier import 235;;open;urgent;;CLI-0235;;SITE-0235;
DOS-0236;Dossier import 236;Description dossier 236;in_progress;low;2027-09-21;CLI-0236;DO-0236;SITE-0236;import
DOS-0237;Dossier import 237;;waiting;medium;;CLI-0237;DO-0237;SITE-0237;import|tag7
DOS-0238;Dossier import 238;;completed;high;2025-11-23;CLI-0238;DO-0238;;import
DOS-0239;Dossier import 239;;cancelled;urgent;2026-12-24;CLI-0239;DO-0239;SITE-0239;
DOS-0240;Dossier import 240;Description dossier 240;draft;low;2025-01-25;CLI-0240;;SITE-0240;import|tag0
DOS-0241;Dossier import 241;;open;medium;;CLI-0241;DO-0241;SITE-0241;
DOS-0242;Dossier import 242;;in_progress;high;;CLI-0242;DO-0242;SITE-0242;import
DOS-0243;Dossier import 243;;waiting;urgent;;CLI-0243;DO-0243;SITE-0243;import|tag3
DOS-0244;Dossier import 244;Description dossier 244;completed;low;2025-05-02;CLI-0244;DO-0244;SITE-0244;import
DOS-0245;Dossier import 245;;cancelled;medium;2026-06-03;CLI-0245;;;
DOS-0246;Dossier import 246;;draft;high;;CLI-0246;DO-0246;SITE-0246;import|tag6
DOS-0247;Dossier import 247;;open;urgent;;CLI-0247;DO-0247;SITE-0247;
DOS-0248;Dossier import 248;Description dossier 248;in_progress;low;2027-09-06;CLI-0248;DO-0248;SITE-0248;import
DOS-0249;Dossier import 249;;waiting;medium;;CLI-0249;DO-0249;SITE-0249;import|tag9
DOS-0250;Dossier import 250;;completed;high;2025-11-08;CLI-0250;;SITE-0250;import
DOS-0251;Dossier import 251;;cancelled;urgent;2026-12-09;CLI-0251;DO-0251;SITE-0251;
DOS-0252;Dossier import 252;Description dossier 252;draft;low;2025-01-10;CLI-0252;DO-0252;;import|tag2
DOS-0253;Dossier import 253;;open;medium;;CLI-0253;DO-0253;SITE-0253;
DOS-0254;Dossier import 254;;in_progress;high;;CLI-0254;DO-0254;SITE-0254;import
DOS-0255;Dossier import 255;;waiting;urgent;;CLI-0255;;SITE-0255;import|tag5
DOS-0256;Dossier import 256;Description dossier 256;completed;low;2025-05-14;CLI-0256;DO-0256;SITE-0256;import
DOS-0257;Dossier import 257;;cancelled;medium;2026-06-15;CLI-0257;DO-0257;SITE-0257;
DOS-0258;Dossier import 258;;draft;high;;CLI-0258;DO-0258;SITE-0258;import|tag8
DOS-0259;Dossier import 259;;open;urgent;;CLI-0259;DO-0259;;
DOS-0260;Dossier import 260;Description dossier 260;in_progress;low;2027-09-18;CLI-0260;;SITE-0260;import
DOS-0261;Dossier import 261;;waiting;medium;;CLI-0261;DO-0261;SITE-0261;import|tag1
DOS-0262;Dossier import 262;;completed;high;2025-11-20;CLI-0262;DO-0262;SITE-0262;import
DOS-0263;Dossier import 263;;cancelled;urgent;2026-12-21;CLI-0263;DO-0263;SITE-0263;
DOS-0264;Dossier import 264;Description dossier 264;draft;low;2025-01-22;CLI-0264;DO-0264;SITE-0264;import|tag4
DOS-0265;Dossier import 265;;open;medium;;CLI-0265;;SITE-0265;
DOS-0266;Dossier import 266;;in_progress;high;;CLI-0266;DO-0266;;import
DOS-0267;Dossier import 267;;waiting;urgent;;CLI-0267;DO-0267;SITE-0267;import|tag7
DOS-0268;Dossier import 268;Description dossier 268;completed;low;2025-05-26;CLI-0268;DO-0268;SITE-0268;import
DOS-0269;Dossier import 269;;cancelled;medium;2026-06-27;CLI-0269;DO-0269;SITE-0269;
DOS-0270;Dossier import 270;;draft;high;;CLI-0270;;SITE-0270;import|tag0
DOS-0271;Dossier import 271;;open;urgent;;CLI-0271;DO-0271;SITE-0271;
DOS-0272;Dossier import 272;Description dossier 272;in_progress;low;2027-09-03;CLI-0272;DO-0272;SITE-0272;import
DOS-0273;Dossier import 273;;waiting;medium;;CLI-0273;DO-0273;;import|tag3
DOS-0274;Dossier import 274;;completed;high;2025-11-05;CLI-0274;DO-0274;SITE-0274;import
DOS-0275;Dossier import 275;;cancelled;urgent;2026-12-06;CLI-0275;;SITE-0275;
DOS-0276;Dossier import 276;Description dossier 276;draft;low;2025-01-07;CLI-0276;DO-0276;SITE-0276;import|tag6
DOS-0277;Dossier import 277;;open;medium;;CLI-0277;DO-0277;SITE-0277;
DOS-0278;Dossier import 278;;in_progress;high;;CLI-0278;DO-0278;SITE-0278;import
DOS-0279;Dossier import 279;;waiting;urgent;;CLI-0279;DO-0279;SITE-0279;import|tag9
DOS-0280;Dossier import 280;Description dossier 280;completed;low;2025-05-11;CLI-0280;;;import
DOS-0281;Dossier import 281;;cancelled;medium;2026-06-12;CLI-0281;DO-0281;SITE-0281;
DOS-0282;Dossier import 282;;draft;high;;CLI-0282;DO-0282;SITE-0282;import|tag2
DOS-0283;Dossier import 283;;open;urgent;;CLI-0283;DO-0283;SITE-0283;
DOS-0284;Dossier import 284;Description dossier 284;in_progress;low;2027-09-15;CLI-0284;DO-0284;SITE-0284;import
DOS-0285;Dossier import 285;;waiting;medium;;CLI-0285;;SITE-0285;import|tag5
DOS-0286;Dossier import 286;;completed;high;2025-11-17;CLI-0286;DO-0286;SITE-0286;import
DOS-0287;Dossier import 287;;cancelled;urgent;2026-12-18;CLI-0287;DO-0287;;
DOS-0288;Dossier import 288;Description dossier 288;draft;low;2025-01-19;CLI-0288;DO-0288;SITE-0288;import|tag8
DOS-0289;Dossier import 289;;open;medium;;CLI-0289;DO-0289;SITE-0289;
DOS-0290;Dossier import 290;;in_progress;high;;CLI-0290;;SITE-0290;import
DOS-0291;Dossier import 291;;waiting;urgent;;CLI-0291;DO-0291;SITE-0291;import|tag1
DOS-0292;Dossier import 292;Description dossier 292;completed;low;2025-05-23;CLI-0292;DO-0292;SITE-0292;import
DOS-0293;Dossier import 293;;cancelled;medium;2026-06-24;CLI-0293;DO-0293;SITE-0293;
DOS-0294;Dossier import 294;;draft;high;;CLI-0294;DO-0294;;import|tag4
DOS-0295;Dossier import 295;;open;urgent;;CLI-0295;;SITE-0295;
DOS-0296;Dossier import 296;Description dossier 296;in_progress;low;2027-09-27;CLI-0296;DO-0296;SITE-0296;import
DOS-0297;Dossier import 297;;waiting;medium;;CLI-0297;DO-0297;SITE-0297;import|tag7
DOS-0298;Dossier import 298;;completed;high;2025-11-02;CLI-0298;DO-0298;SITE-0298;import
DOS-0299;Dossier import 299;;cancelled;urgent;2026-12-03;CLI-0299;DO-0299;SITE-0299;
DOS-0300;Dossier import 300;Description dossier 300;draft;low;2025-01-04;CLI-0300;;SITE-0300;import|tag0
DOS-0301;Dossier import 301;;open;medium;;CLI-0301;DO-0301;;
DOS-0302;Dossier import 302;;in_progress;high;;CLI-0302;DO-0302;SITE-0302;import
DOS-0303;Dossier import 303;;waiting;urgent;;CLI-0303;DO-0303;SITE-0303;import|tag3
DOS-0304;Dossier import 304;Description dossier 304;completed;low;2025-05-08;CLI-0304;DO-0304;SITE-0304;import
DOS-0305;Dossier import 305;;cancelled;medium;2026-06-09;CLI-0305;;SITE-0305;
DOS-0306;Dossier import 306;;draft;high;;CLI-0306;DO-0306;SITE-0306;import|tag6
DOS-0307;Dossier import 307;;open;urgent;;CLI-0307;DO-0307;SITE-0307;
DOS-0308;Dossier import 308;Description dossier 308;in_progress;low;2027-09-12;CLI-0308;DO-0308;;import
DOS-0309;Dossier import 309;;waiting;medium;;CLI-0309;DO-0309;SITE-0309;import|tag9
DOS-0310;Dossier import 310;;completed;high;2025-11-14;CLI-0310;;SITE-0310;import
DOS-0311;Dossier import 311;;cancelled;urgent;2026-12-15;CLI-0311;DO-0311;SITE-0311;
DOS-0312;Dossier import 312;Description dossier 312;draft;low;2025-01-16;CLI-0312;DO-0312;SITE-0312;import|tag2
DOS-0313;Dossier import 313;;open;medium;;CLI-0313;DO-0313;SITE-0313;
DOS-0314;Dossier import 314;;in_progress;high;;CLI-0314;DO-0314;SITE-0314;import
DOS-0315;Dossier import 315;;waiting;urgent;;CLI-0315;;;import|tag5
DOS-0316;Dossier import 316;Description dossier 316;completed;low;2025-05-20;CLI-0316;DO-0316;SITE-0316;import
DOS-0317;Dossier import 317;;cancelled;medium;2026-06-21;CLI-0317;DO-0317;SITE-0317;
DOS-0318;Dossier import 318;;draft;high;;CLI-0318;DO-0318;SITE-0318;import|tag8
DOS-0319;Dossier import 319;;open;urgent;;CLI-0319;DO-0319;SITE-0319;
DOS-0320;Dossier import 320;Description dossier 320;in_progress;low;2027-09-24;CLI-0320;;SITE-0320;import
DOS-0321;Dossier import 321;;waiting;medium;;CLI-0321;DO-0321;SITE-0321;import|tag1
DOS-0322;Dossier import 322;;completed;high;2025-11-26;CLI-0322;DO-0322;;import
DOS-0323;Dossier import 323;;cancelled;urgent;2026-12-27;CLI-0323;DO-0323;SITE-0323;
DOS-0324;Dossier import 324;Description dossier 324;draft;low;2025-01-01;CLI-0324;DO-0324;SITE-0324;import|tag4
DOS-0325;Dossier import 325;;open;medium;;CLI-0325;;SITE-0325;
DOS-0326;Dossier import 326;;in_progress;high;;CLI-0326;DO-0326;SITE-0326;import
DOS-0327;Dossier import 327;;waiting;urgent;;CLI-0327;DO-0327;SITE-0327;import|tag7
DOS-0328;Dossier import 328;Description dossier 328;completed;low;2025-05-05;CLI-0328;DO-0328;SITE-0328;import
DOS-0329;Dossier import 329;;cancelled;medium;2026-06-06;CLI-0329;DO-0329;;
DOS-0330;Dossier import 330;;draft;high;;CLI-0330;;SITE-0330;import|tag0
DOS-0331;Dossier import 331;;open;urgent;;CLI-0331;DO-0331;SITE-0331;
DOS-0332;Dossier import 332;Description dossier 332;in_progress;low;2027-09-09;CLI-0332;DO-0332;SITE-0332;import
DOS-0333;Dossier import 333;;waiting;medium;;CLI-0333;DO-0333;SITE-0333;import|tag3
DOS-0334;Dossier import 334;;completed;high;2025-11-11;CLI-0334;DO-0334;SITE-0334;import
DOS-0335;Dossier import 335;;cancelled;urgent;2026-12-12;CLI-0335;;SITE-0335;
DOS-0336;Dossier import 336;Description dossier 336;draft;low;2025-01-13;CLI-0336;DO-0336;;import|tag6
DOS-0337;Dossier import 337;;open;medium;;CLI-0337;DO-0337;SITE-0337;
DOS-0338;Dossier import 338;;in_progress;high;;CLI-0338;DO-0338;SITE-0338;import
DOS-0339;Dossier import 339;;waiting;urgent;;CLI-0339;DO-0339;SITE-0339;import|tag9
DOS-0340;Dossier import 340;Description dossier 340;completed;low;2025-05-17;CLI-0340;;SITE-0340;import
DOS-0341;Dossier import 341;;cancelled;medium;2026-06-18;CLI-0341;DO-0341;SITE-0341;
DOS-0342;Dossier import 342;;draft;high;;CLI-0342;DO-0342;SITE-0342;import|tag2
DOS-0343;Dossier import 343;;open;urgent;;CLI-0343;DO-0343;;
DOS-0344;Dossier import 344;Description dossier 344;in_progress;low;2027-09-21;CLI-0344;DO-0344;SITE-0344;import
DOS-0345;Dossier import 345;;waiting;medium;;CLI-0345;;SITE-0345;import|tag5
DOS-0346;Dossier import 346;;completed;high;2025-11-23;CLI-0346;DO-0346;SITE-0346;import
DOS-0347;Dossier import 347;;cancelled;urgent;2026-12-24;CLI-0347;DO-0347;SITE-0347;
DOS-0348;Dossier import 348;Description dossier 348;draft;low;2025-01-25;CLI-0348;DO-0348;SITE-0348;import|tag8
DOS-0349;Dossier import 349;;open;medium;;CLI-0349;DO-0349;SITE-0349;
DOS-0350;Dossier import 350;;in_progress;high;;CLI-0350;;;import
DOS-0351;Dossier import 351;;waiting;urgent;;CLI-0351;DO-0351;SITE-0351;import|tag1
DOS-0352;Dossier import 352;Description dossier 352;completed;low;2025-05-02;CLI-0352;DO-0352;SITE-0352;import
DOS-0353;Dossier import 353;;cancelled;medium;2026-06-03;CLI-0353;DO-0353;SITE-0353;
DOS-0354;Dossier import 354;;draft;high;;CLI-0354;DO-0354;SITE-0354;import|tag4
DOS-0355;Dossier import 355;;open;urgent;;CLI-0355;;SITE-0355;
DOS-0356;Dossier import 356;Description dossier 356;in_progress;low;2027-09-06;CLI-0356;DO-0356;SITE-0356;import
DOS-0357;Dossier import 357;;waiting;medium;;CLI-0357;DO-0357;;import|tag7
DOS-0358;Dossier import 358;;completed;high;2025-11-08;CLI-0358;DO-0358;SITE-0358;import
DOS-0359;Dossier import 359;;cancelled;urgent;2026-12-09;CLI-0359;DO-0359;SITE-0359;
DOS-0360;Dossier import 360;Description dossier 360;draft;low;2025-01-10;CLI-0360;;SITE-0360;import|tag0
DOS-0361;Dossier import 361;;open;medium;;CLI-0361;DO-0361;SITE-0361;
DOS-0362;Dossier import 362;;in_progress;high;;CLI-0362;DO-0362;SITE-0362;import
DOS-0363;Dossier import 363;;waiting;urgent;;CLI-0363;DO-0363;SITE-0363;import|tag3
DOS-0364;Dossier import 364;Description dossier 364;completed;low;2025-05-14;CLI-0364;DO-0364;;import
DOS-0365;Dossier import 365;;cancelled;medium;2026-06-15;CLI-0365;;SITE-0365;
DOS-0366;Dossier import 366;;draft;high;;CLI-0366;DO-0366;SITE-0366;import|tag6
DOS-0367;Dossier import 367;;open;urgent;;CLI-0367;DO-0367;SITE-0367;
DOS-0368;Dossier import 368;Description dossier 368;in_progress;low;2027-09-18;CLI-0368;DO-0368;SITE-0368;import
DOS-0369;Dossier import 369;;waiting;medium;;CLI-0369;DO-0369;SITE-0369;import|tag9
DOS-0370;Dossier import 370;;completed;high;2025-11-20;CLI-0370;;SITE-0370;import
DOS-0371;Dossier import 371;;cancelled;urgent;2026-12-21;CLI-0371;DO-0371;;
DOS-0372;Dossier import 372;Description dossier 372;draft;low;2025-01-22;CLI-0372;DO-0372;SITE-0372;import|tag2
DOS-0373;Dossier import 373;;open;medium;;CLI-0373;DO-0373;SITE-0373;
DOS-0374;Dossier import 374;;in_progress;high;;CLI-0374;DO-0374;SITE-0374;import
DOS-0375;Dossier import 375;;waiting;urgent;;CLI-0375;;SITE-0375;import|tag5
DOS-0376;Dossier import 376;Description dossier 376;completed;low;2025-05-26;CLI-0376;DO-0376;SITE-0376;import
DOS-0377;Dossier import 377;;cancelled;medium;2026-06-27;CLI-0377;DO-0377;SITE-0377;
DOS-0378;Dossier import 378;;draft;high;;CLI-0378;DO-0378;;import|tag8
DOS-0379;Dossier import 379;;open;urgent;;CLI-0379;DO-0379;SITE-0379;
DOS-0380;Dossier import 380;Description dossier 380;in_progress;low;2027-09-03;CLI-0380;;SITE-0380;import
DOS-0381;Dossier import 381;;waiting;medium;;CLI-0381;DO-0381;SITE-0381;import|tag1
DOS-0382;Dossier import 382;;completed;high;2025-11-05;CLI-0382;DO-0382;SITE-0382;import
DOS-0383;Dossier import 383;;cancelled;urgent;2026-12-06;CLI-0383;DO-0383;SITE-0383;
DOS-0384;Dossier import 384;Description dossier 384;draft;low;2025-01-07;CLI-0384;DO-0384;SITE-0384;import|tag4
DOS-0385;Dossier import 385;;open;medium;;CLI-0385;;;
DOS-0386;Dossier import 386;;in_progress;high;;CLI-0386;DO-0386;SITE-0386;import
DOS-0387;Dossier import 387;;waiting;urgent;;CLI-0387;DO-0387;SITE-0387;import|tag7
DOS-0388;Dossier import 388;Description dossier 388;completed;low;2025-05-11;CLI-0388;DO-0388;SITE-0388;import
DOS-0389;Dossier import 389;;cancelled;medium;2026-06-12;CLI-0389;DO-0389;SITE-0389;
DOS-0390;Dossier import 390;;draft;high;;CLI-0390;;SITE-0390;import|tag0
DOS-0391;Dossier import 391;;open;urgent;;CLI-0391;DO-0391;SITE-0391;
DOS-0392;Dossier import 392;Description dossier 392;in_progress;low;2027-09-15;CLI-0392;DO-0392;;import
DOS-0393;Dossier import 393;;waiting;medium;;CLI-0393;DO-0393;SITE-0393;import|tag3
DOS-0394;Dossier import 394;;completed;high;2025-11-17;CLI-0394;DO-0394;SITE-0394;import
DOS-0395;Dossier import 395;;cancelled;urgent;2026-12-18;CLI-0395;;SITE-0395;
DOS-0396;Dossier import 396;Description dossier 396;draft;low;2025-01-19;CLI-0396;DO-0396;SITE-0396;import|tag6
DOS-0397;Dossier import 397;;open;medium;;CLI-0397;DO-0397;SITE-0397;
DOS-0398;Dossier import 398;;in_progress;high;;CLI-0398;DO-0398;SITE-0398;import
DOS-0399;Dossier import 399;;waiting;urgent;;CLI-0399;DO-0399;;import|tag9
DOS-0400;Dossier import 400;Description dossier 400;completed;low;2025-05-23;CLI-0400;;SITE-0400;import
DOS-0401;Dossier import 401;;cancelled;medium;2026-06-24;CLI-0401;DO-0401;SITE-0401;
DOS-0402;Dossier import 402;;draft;high;;CLI-0402;DO-0402;SITE-0402;import|tag2
DOS-0403;Dossier import 403;;open;urgent;;CLI-0403;DO-0403;SITE-0403;
DOS-0404;Dossier import 404;Description dossier 404;in_progress;low;2027-09-27;CLI-0404;DO-0404;SITE-0404;import
DOS-0405;Dossier import 405;;waiting;medium;;CLI-0405;;SITE-0405;import|tag5
DOS-0406;Dossier import 406;;completed;high;2025-11-02;CLI-0406;DO-0406;;import
DOS-0407;Dossier import 407;;cancelled;urgent;2026-12-03;CLI-0407;DO-0407;SITE-0407;
DOS-0408;Dossier import 408;Description dossier 408;draft;low;2025-01-04;CLI-0408;DO-0408;SITE-0408;import|tag8
DOS-0409;Dossier import 409;;open;medium;;CLI-0409;DO-0409;SITE-0409;
DOS-0410;Dossier import 410;;in_progress;high;;CLI-0410;;SITE-0410;import
DOS-0411;Dossier import 411;;waiting;urgent;;CLI-0411;DO-0411;SITE-0411;import|tag1
DOS-0412;Dossier import 412;Description dossier 412;completed;low;2025-05-08;CLI-0412;DO-0412;SITE-0412;import
DOS-0413;Dossier import 413;;cancelled;medium;2026-06-09;CLI-0413;DO-0413;;
DOS-0414;Dossier import 414;;draft;high;;CLI-0414;DO-0414;SITE-0414;import|tag4
DOS-0415;Dossier import 415;;open;urgent;;CLI-0415;;SITE-0415;
DOS-0416;Dossier import 416;Description dossier 416;in_progress;low;2027-09-12;CLI-0416;DO-0416;SITE-0416;import
DOS-0417;Dossier import 417;;waiting;medium;;CLI-0417;DO-0417;SITE-0417;import|tag7
DOS-0418;Dossier import 418;;completed;high;2025-11-14;CLI-0418;DO-0418;SITE-0418;import
DOS-0419;Dossier import 419;;cancelled;urgent;2026-12-15;CLI-0419;DO-0419;SITE-0419;
DOS-0420;Dossier import 420;Description dossier 420;draft;low;2025-01-16;CLI-0420;;;import|tag0
DOS-0421;Dossier import 421;;open;medium;;CLI-0421;DO-0421;SITE-0421;
DOS-0422;Dossier import 422;;in_progress;high;;CLI-0422;DO-0422;SITE-0422;import
DOS-0423;Dossier import 423;;waiting;urgent;;CLI-0423;DO-0423;SITE-0423;import|tag3
DOS-0424;Dossier import 424;Description dossier 424;completed;low;2025-05-20;CLI-0424;DO-0424;SITE-0424;import
DOS-0425;Dossier import 425;;cancelled;medium;2026-06-21;CLI-0425;;SITE-0425;
DOS-0426;Dossier import 426;;draft;high;;CLI-0426;DO-0426;SITE-0426;import|tag6
DOS-0427;Dossier import 427;;open;urgent;;CLI-0427;DO-0427;;
DOS-0428;Dossier import 428;Description dossier 428;in_progress;low;2027-09-24;CLI-0428;DO-0428;SITE-0428;import
DOS-0429;Dossier import 429;;waiting;medium;;CLI-0429;DO-0429;SITE-0429;import|tag9
DOS-0430;Dossier import 430;;completed;high;2025-11-26;CLI-0430;;SITE-0430;import
DOS-0431;Dossier import 431;;cancelled;urgent;2026-12-27;CLI-0431;DO-0431;SITE-0431;
DOS-0432;Dossier import 432;Description dossier 432;draft;low;2025-01-01;CLI-0432;DO-0432;SITE-0432;import|tag2
DOS-0433;Dossier import 433;;open;medium;;CLI-0433;DO-0433;SITE-0433;
DOS-0434;Dossier import 434;;in_progress;high;;CLI-0434;DO-0434;;import
DOS-0435;Dossier import 435;;waiting;urgent;;CLI-0435;;SITE-0435;import|tag5
DOS-0436;Dossier import 436;Description dossier 436;completed;low;2025-05-05;CLI-0436;DO-0436;SITE-0436;import
DOS-0437;Dossier import 437;;cancelled;medium;2026-06-06;CLI-0437;DO-0437;SITE-0437;
DOS-0438;Dossier import 438;;draft;high;;CLI-0438;DO-0438;SITE-0438;import|tag8
DOS-0439;Dossier import 439;;open;urgent;;CLI-0439;DO-0439;SITE-0439;
DOS-0440;Dossier import 440;Description dossier 440;in_progress;low;2027-09-09;CLI-0440;;SITE-0440;import
DOS-0441;Dossier import 441;;waiting;medium;;CLI-0441;DO-0441;;import|tag1
DOS-0442;Dossier import 442;;completed;high;2025-11-11;CLI-0442;DO-0442;SITE-0442;import
DOS-0443;Dossier import 443;;cancelled;urgent;2026-12-12;CLI-0443;DO-0443;SITE-0443;
DOS-0444;Dossier import 444;Description dossier 444;draft;low;2025-01-13;CLI-0444;DO-0444;SITE-0444;import|tag4
DOS-0445;Dossier import 445;;open;medium;;CLI-0445;;SITE-0445;
DOS-0446;Dossier import 446;;in_progress;high;;CLI-0446;DO-0446;SITE-0446;import
DOS-0447;Dossier import 447;;waiting;urgent;;CLI-0447;DO-0447;SITE-0447;import|tag7
DOS-0448;Dossier import 448;Description dossier 448;completed;low;2025-05-17;CLI-0448;DO-0448;;import
DOS-0449;Dossier import 449;;cancelled;medium;2026-06-18;CLI-0449;DO-0449;SITE-0449;
DOS-0450;Dossier import 450;;draft;high;;CLI-0450;;SITE-0450;import|tag0
DOS-0451;Dossier import 451;;open;urgent;;CLI-0451;DO-0451;SITE-0451;
DOS-0452;Dossier import 452;Description dossier 452;in_progress;low;2027-09-21;CLI-0452;DO-0452;SITE-0452;import
DOS-0453;Dossier import 453;;waiting;medium;;CLI-0453;DO-0453;SITE-0453;import|tag3
DOS-0454;Dossier import 454;;completed;high;2025-11-23;CLI-0454;DO-0454;SITE-0454;import
DOS-0455;Dossier import 455;;cancelled;urgent;2026-12-24;CLI-0455;;;
DOS-0456;Dossier import 456;Description dossier 456;draft;low;2025-01-25;CLI-0456;DO-0456;SITE-0456;import|tag6
DOS-0457;Dossier import 457;;open;medium;;CLI-0457;DO-0457;SITE-0457;
DOS-0458;Dossier import 458;;in_progress;high;;CLI-0458;DO-0458;SITE-0458;import
DOS-0459;Dossier import 459;;waiting;urgent;;CLI-0459;DO-0459;SITE-0459;import|tag9
DOS-0460;Dossier import 460;Description dossier 460;completed;low;2025-05-02;CLI-0460;;SITE-0460;import
DOS-0461;Dossier import 461;;cancelled;medium;2026-06-03;CLI-0461;DO-0461;SITE-0461;
DOS-0462;Dossier import 462;;draft;high;;CLI-0462;DO-0462;;import|tag2
DOS-0463;Dossier import 463;;open;urgent;;CLI-0463;DO-0463;SITE-0463;
DOS-0464;Dossier import 464;Description dossier 464;in_progress;low;2027-09-06;CLI-0464;DO-0464;SITE-0464;import
DOS-0465;Dossier import 465;;waiting;medium;;CLI-0465;;SITE-0465;import|tag5
DOS-0466;Dossier import 466;;completed;high;2025-11-08;CLI-0466;DO-0466;SITE-0466;import
DOS-0467;Dossier import 467;;cancelled;urgent;2026-12-09;CLI-0467;DO-0467;SITE-0467;
DOS-0468;Dossier import 468;Description dossier 468;draft;low;2025-01-10;CLI-0468;DO-0468;SITE-0468;import|tag8
DOS-0469;Dossier import 469;;open;medium;;CLI-0469;DO-0469;;
DOS-0470;Dossier import 470;;in_progress;high;;CLI-0470;;SITE-0470;import
DOS-0471;Dossier import 471;;waiting;urgent;;CLI-0471;DO-0471;SITE-0471;import|tag1
DOS-0472;Dossier import 472;Description dossier 472;completed;low;2025-05-14;CLI-0472;DO-0472;SITE-0472;import
DOS-0473;Dossier import 473;;cancelled;medium;2026-06-15;CLI-0473;DO-0473;SITE-0473;
DOS-0474;Dossier import 474;;draft;high;;CLI-0474;DO-0474;SITE-0474;import|tag4
DOS-0475;Dossier import 475;;open;urgent;;CLI-0475;;SITE-0475;
DOS-0476;Dossier import 476;Description dossier 476;in_progress;low;2027-09-18;CLI-0476;DO-0476;;import
DOS-0477;Dossier import 477;;waiting;medium;;CLI-0477;DO-0477;SITE-0477;import|tag7
DOS-0478;Dossier import 478;;completed;high;2025-11-20;CLI-0478;DO-0478;SITE-0478;import
DOS-0479;Dossier import 479;;cancelled;urgent;2026-12-21;CLI-0479;DO-0479;SITE-0479;
DOS-0480;Dossier import 480;Description dossier 480;draft;low;2025-01-22;CLI-0480;;SITE-0480;import|tag0
DOS-0481;Dossier import 481;;open;medium;;CLI-0481;DO-0481;SITE-0481;
DOS-0482;Dossier import 482;;in_progress;high;;CLI-0482;DO-0482;SITE-0482;import
DOS-0483;Dossier import 483;;waiting;urgent;;CLI-0483;DO-0483;;import|tag3
DOS-0484;Dossier import 484;Description dossier 484;completed;low;2025-05-26;CLI-0484;DO-0484;SITE-0484;import
DOS-0485;Dossier import 485;;cancelled;medium;2026-06-27;CLI-0485;;SITE-0485;
DOS-0486;Dossier import 486;;draft;high;;CLI-0486;DO-0486;SITE-0486;import|tag6
DOS-0487;Dossier import 487;;open;urgent;;CLI-0487;DO-0487;SITE-0487;
DOS-0488;Dossier import 488;Description dossier 488;in_progress;low;2027-09-03;CLI-0488;DO-0488;SITE-0488;import
DOS-0489;Dossier import 489;;waiting;medium;;CLI-0489;DO-0489;SITE-0489;import|tag9
DOS-0490;Dossier import 490;;completed;high;2025-11-05;CLI-0490;;;import
DOS-0491;Dossier import 491;;cancelled;urgent;2026-12-06;CLI-0491;DO-0491;SITE-0491;
DOS-0492;Dossier import 492;Description dossier 492;draft;low;2025-01-07;CLI-0492;DO-0492;SITE-0492;import|tag2
DOS-0493;Dossier import 493;;open;medium;;CLI-0493;DO-0493;SITE-0493;
DOS-0494;Dossier import 494;;in_progress;high;;CLI-0494;DO-0494;SITE-0494;import
DOS-0495;Dossier import 495;;waiting;urgent;;CLI-0495;;SITE-0495;import|tag5
DOS-0496;Dossier import 496;Description dossier 496;completed;low;2025-05-11;CLI-0496;DO-0496;SITE-0496;import
DOS-0497;Dossier import 497;;cancelled;medium;2026-06-12;CLI-0497;DO-0497;;
DOS-0498;Dossier import 498;;draft;high;;CLI-0498;DO-0498;SITE-0498;import|tag8
DOS-0499;Dossier import 499;;open;urgent;;CLI-0499;DO-0499;SITE-0499;
DOS-0500;Dossier import 500;Description dossier 500;in_progress;low;2027-09-15;CLI-0500;;SITE-0500;import
DOS-0501;Dossier import 501;;waiting;medium;;CLI-0501;DO-0501;SITE-0501;import|tag1
DOS-0502;Dossier import 502;;completed;high;2025-11-17;CLI-0502;DO-0502;SITE-0502;import
DOS-0503;Dossier import 503;;cancelled;urgent;2026-12-18;CLI-0503;DO-0503;SITE-0503;
DOS-0504;Dossier import 504;Description dossier 504;draft;low;2025-01-19;CLI-0504;DO-0504;;import|tag4
DOS-0505;Dossier import 505;;open;medium;;CLI-0505;;SITE-0505;
DOS-0506;Dossier import 506;;in_progress;high;;CLI-0506;DO-0506;SITE-0506;import
DOS-0507;Dossier import 507;;waiting;urgent;;CLI-0507;DO-0507;SITE-0507;import|tag7
DOS-0508;Dossier import 508;Description dossier 508;completed;low;2025-05-23;CLI-0508;DO-0508;SITE-0508;import
DOS-0509;Dossier import 509;;cancelled;medium;2026-06-24;CLI-0509;DO-0509;SITE-0509;
DOS-0510;Dossier import 510;;draft;high;;CLI-0510;;SITE-0510;import|tag0
DOS-0511;Dossier import 511;;open;urgent;;CLI-0511;DO-0511;;
DOS-0512;Dossier import 512;Description dossier 512;in_progress;low;2027-09-27;CLI-0512;DO-0512;SITE-0512;import
DOS-0513;Dossier import 513;;waiting;medium;;CLI-0513;DO-0513;SITE-0513;import|tag3
DOS-0514;Dossier import 514;;completed;high;2025-11-02;CLI-0514;DO-0514;SITE-0514;import
DOS-0515;Dossier import 515;;cancelled;urgent;2026-12-03;CLI-0515;;SITE-0515;
DOS-0516;Dossier import 516;Description dossier 516;draft;low;2025-01-04;CLI-0516;DO-0516;SITE-0516;import|tag6
DOS-0517;Dossier import 517;;open;medium;;CLI-0517;DO-0517;SITE-0517;
DOS-0518;Dossier import 518;;in_progress;high;;CLI-0518;DO-0518;;import
DOS-0519;Dossier import 519;;waiting;urgent;;CLI-0519;DO-0519;SITE-0519;import|tag9
DOS-0520;Dossier import 520;Description dossier 520;completed;low;2025-05-08;CLI-0520;;SITE-0520;import
DOS-0521;Dossier import 521;;cancelled;medium;2026-06-09;CLI-0521;DO-0521;SITE-0521;
DOS-0522;Dossier import 522;;draft;high;;CLI-0522;DO-0522;SITE-0522;import|tag2
DOS-0523;Dossier import 523;;open;urgent;;CLI-0523;DO-0523;SITE-0523;
DOS-0524;Dossier import 524;Description dossier 524;in_progress;low;2027-09-12;CLI-0524;DO-0524;SITE-0524;import
DOS-0525;Dossier import 525;;waiting;medium;;CLI-0525;;;import|tag5
DOS-0526;Dossier import 526;;completed;high;2025-11-14;CLI-0526;DO-0526;SITE-0526;import
DOS-0527;Dossier import 527;;cancelled;urgent;2026-12-15;CLI-0527;DO-0527;SITE-0527;
DOS-0528;Dossier import 528;Description dossier 528;draft;low;2025-01-16;CLI-0528;DO-0528;SITE-0528;import|tag8
DOS-0529;Dossier import 529;;open;medium;;CLI-0529;DO-0529;SITE-0529;
DOS-0530;Dossier import 530;;in_progress;high;;CLI-0530;;SITE-0530;import
DOS-0531;Dossier import 531;;waiting;urgent;;CLI-0531;DO-0531;SITE-0531;import|tag1
DOS-0532;Dossier import 532;Description dossier 532;completed;low;2025-05-20;CLI-0532;DO-0532;;import
DOS-0533;Dossier import 533;;cancelled;medium;2026-06-21;CLI-0533;DO-0533;SITE-0533;
DOS-0534;Dossier import 534;;draft;high;;CLI-0534;DO-0534;SITE-0534;import|tag4
DOS-0535;Dossier import 535;;open;urgent;;CLI-0535;;SITE-0535;
DOS-0536;Dossier import 536;Description dossier 536;in_progress;low;2027-09-24;CLI-0536;DO-0536;SITE-0536;import
DOS-0537;Dossier import 537;;waiting;medium;;CLI-0537;DO-0537;SITE-0537;import|tag7
DOS-0538;Dossier import 538;;completed;high;2025-11-26;CLI-0538;DO-0538;SITE-0538;import
DOS-0539;Dossier import 539;;cancelled;urgent;2026-12-27;CLI-0539;DO-0539;;
DOS-0540;Dossier import 540;Description dossier 540;draft;low;2025-01-01;CLI-0540;;SITE-0540;import|tag0
DOS-0541;Dossier import 541;;open;medium;;CLI-0541;DO-0541;SITE-0541;
DOS-0542;Dossier import 542;;in_progress;high;;CLI-0542;DO-0542;SITE-0542;import
DOS-0543;Dossier import 543;;waiting;urgent;;CLI-0543;DO-0543;SITE-0543;import|tag3
DOS-0544;Dossier import 544;Description dossier 544;completed;low;2025-05-05;CLI-0544;DO-0544;SITE-0544;import
DOS-0545;Dossier import 545;;cancelled;medium;2026-06-06;CLI-0545;;SITE-0545;
DOS-0546;Dossier import 546;;draft;high;;CLI-0546;DO-0546;;import|tag6
DOS-0547;Dossier import 547;;open;urgent;;CLI-0547;DO-0547;SITE-0547;
DOS-0548;Dossier import 548;Description dossier 548;in_progress;low;2027-09-09;CLI-0548;DO-0548;SITE-0548;import
DOS-0549;Dossier import 549;;waiting;medium;;CLI-0549;DO-0549;SITE-0549;import|tag9
DOS-0550;Dossier import 550;;completed;high;2025-11-11;CLI-0550;;SITE-0550;import
DOS-0551;Dossier import 551;;cancelled;urgent;2026-12-12;CLI-0551;DO-0551;SITE-0551;
DOS-0552;Dossier import 552;Description dossier 552;draft;low;2025-01-13;CLI-0552;DO-0552;SITE-0552;import|tag2
DOS-0553;Dossier import 553;;open;medium;;CLI-0553;DO-0553;;
DOS-0554;Dossier import 554;;in_progress;high;;CLI-0554;DO-0554;SITE-0554;import
DOS-0555;Dossier import 555;;waiting;urgent;;CLI-0555;;SITE-0555;import|tag5
DOS-0556;Dossier import 556;Description dossier 556;completed;low;2025-05-17;CLI-0556;DO-0556;SITE-0556;import
DOS-0557;Dossier import 557;;cancelled;medium;2026-06-18;CLI-0557;DO-0557;SITE-0557;
DOS-0558;Dossier import 558;;draft;high;;CLI-0558;DO-0558;SITE-0558;import|tag8
DOS-0559;Dossier import 559;;open;urgent;;CLI-0559;DO-0559;SITE-0559;
DOS-0560;Dossier import 560;Description dossier 560;in_progress;low;2027-09-21;CLI-0560;;;import
DOS-0561;Dossier import 561;;waiting;medium;;CLI-0561;DO-0561;SITE-0561;import|tag1
DOS-0562;Dossier import 562;;completed;high;2025-11-23;CLI-0562;DO-0562;SITE-0562;import
DOS-0563;Dossier import 563;;cancelled;urgent;2026-12-24;CLI-0563;DO-0563;SITE-0563;
DOS-0564;Dossier import 564;Description dossier 564;draft;low;2025-01-25;CLI-0564;DO-0564;SITE-0564;import|tag4
DOS-0565;Dossier import 565;;open;medium;;CLI-0565;;SITE-0565;
DOS-0566;Dossier import 566;;in_progress;high;;CLI-0566;DO-0566;SITE-0566;import
DOS-0567;Dossier import 567;;waiting;urgent;;CLI-0567;DO-0567;;import|tag7
DOS-0568;Dossier import 568;Description dossier 568;completed;low;2025-05-02;CLI-0568;DO-0568;SITE-0568;import
DOS-0569;Dossier import 569;;cancelled;medium;2026-06-03;CLI-0569;DO-0569;SITE-0569;
DOS-0570;Dossier import 570;;draft;high;;CLI-0570;;SITE-0570;import|tag0
DOS-0571;Dossier import 571;;open;urgent;;CLI-0571;DO-0571;SITE-0571;
DOS-0572;Dossier import 572;Description dossier 572;in_progress;low;2027-09-06;CLI-0572;DO-0572;SITE-0572;import
DOS-0573;Dossier import 573;;waiting;medium;;CLI-0573;DO-0573;SITE-0573;import|tag3
DOS-0574;Dossier import 574;;completed;high;2025-11-08;CLI-0574;DO-0574;;import
DOS-0575;Dossier import 575;;cancelled;urgent;2026-12-09;CLI-0575;;SITE-0575;
DOS-0576;Dossier import 576;Description dossier 576;draft;low;2025-01-10;CLI-0576;DO-0576;SITE-0576;import|tag6
DOS-0577;Dossier import 577;;open;medium;;CLI-0577;DO-0577;SITE-0577;
DOS-0578;Dossier import 578;;in_progress;high;;CLI-0578;DO-0578;SITE-0578;import
DOS-0579;Dossier import 579;;waiting;urgent;;CLI-0579;DO-0579;SITE-0579;import|tag9
DOS-0580;Dossier import 580;Description dossier 580;completed;low;2025-05-14;CLI-0580;;SITE-0580;import
DOS-0581;Dossier import 581;;cancelled;medium;2026-06-15;CLI-0581;DO-0581;;
DOS-0582;Dossier import 582;;draft;high;;CLI-0582;DO-0582;SITE-0582;import|tag2
DOS-0583;Dossier import 583;;open;urgent;;CLI-0583;DO-0583;SITE-0583;
DOS-0584;Dossier import 584;Description dossier 584;in_progress;low;2027-09-18;CLI-0584;DO-0584;SITE-0584;import
DOS-0585;Dossier import 585;;waiting;medium;;CLI-0585;;SITE-0585;import|tag5
DOS-0586;Dossier import 586;;completed;high;2025-11-20;CLI-0586;DO-0586;SITE-0586;import
DOS-0587;Dossier import 587;;cancelled;urgent;2026-12-21;CLI-0587;DO-0587;SITE-0587;
DOS-0588;Dossier import 588;Description dossier 588;draft;low;2025-01-22;CLI-0588;DO-0588;;import|tag8
DOS-0589;Dossier import 589;;open;medium;;CLI-0589;DO-0589;SITE-0589;
DOS-0590;Dossier import 590;;in_progress;high;;CLI-0590;;SITE-0590;import
DOS-0591;Dossier import 591;;waiting;urgent;;CLI-0591;DO-0591;SITE-0591;import|tag1
DOS-0592;Dossier import 592;Description dossier 592;completed;low;2025-05-26;CLI-0592;DO-0592;SITE-0592;import
DOS-0593;Dossier import 593;;cancelled;medium;2026-06-27;CLI-0593;DO-0593;SITE-0593;
DOS-0594;Dossier import 594;;draft;high;;CLI-0594;DO-0594;SITE-0594;import|tag4
DOS-0595;Dossier import 595;;open;urgent;;CLI-0595;;;
DOS-0596;Dossier import 596;Description dossier 596;in_progress;low;2027-09-03;CLI-0596;DO-0596;SITE-0596;import
DOS-0597;Dossier import 597;;waiting;medium;;CLI-0597;DO-0597;SITE-0597;import|tag7
DOS-0598;Dossier import 598;;completed;high;2025-11-05;CLI-0598;DO-0598;SITE-0598;import
DOS-0599;Dossier import 599;;cancelled;urgent;2026-12-06;CLI-0599;DO-0599;SITE-0599;
DOS-0600;Dossier import 600;Description dossier 600;draft;low;2025-01-07;CLI-0600;;SITE-0600;import|tag0
DOS-0601;Dossier import 601;;open;medium;;CLI-0601;DO-0601;SITE-0601;
DOS-0602;Dossier import 602;;in_progress;high;;CLI-0602;DO-0602;;import
DOS-0603;Dossier import 603;;waiting;urgent;;CLI-0603;DO-0603;SITE-0603;import|tag3
DOS-0604;Dossier import 604;Description dossier 604;completed;low;2025-05-11;CLI-0604;DO-0604;SITE-0604;import
DOS-0605;Dossier import 605;;cancelled;medium;2026-06-12;CLI-0605;;SITE-0605;
DOS-0606;Dossier import 606;;draft;high;;CLI-0606;DO-0606;SITE-0606;import|tag6
DOS-0607;Dossier import 607;;open;urgent;;CLI-0607;DO-0607;SITE-0607;
DOS-0608;Dossier import 608;Description dossier 608;in_progress;low;2027-09-15;CLI-0608;DO-0608;SITE-0608;import
DOS-0609;Dossier import 609;;waiting;medium;;CLI-0609;DO-0609;;import|tag9
DOS-0610;Dossier import 610;;completed;high;2025-11-17;CLI-0610;;SITE-0610;import
DOS-0611;Dossier import 611;;cancelled;urgent;2026-12-18;CLI-0611;DO-0611;SITE-0611;
DOS-0612;Dossier import 612;Description dossier 612;draft;low;2025-01-19;CLI-0612;DO-0612;SITE-0612;import|tag2
DOS-0613;Dossier import 613;;open;medium;;CLI-0613;DO-0613;SITE-0613;
DOS-0614;Dossier import 614;;in_progress;high;;CLI-0614;DO-0614;SITE-0614;import
DOS-0615;Dossier import 615;;waiting;urgent;;CLI-0615;;SITE-0615;import|tag5
DOS-0616;Dossier import 616;Description dossier 616;completed;low;2025-05-23;CLI-0616;DO-0616;;import
DOS-0617;Dossier import 617;;cancelled;medium;2026-06-24;CLI-0617;DO-0617;SITE-0617;
DOS-0618;Dossier import 618;;draft;high;;CLI-0618;DO-0618;SITE-0618;import|tag8
DOS-0619;Dossier import 619;;open;urgent;;CLI-0619;DO-0619;SITE-0619;
DOS-0620;Dossier import 620;Description dossier 620;in_progress;low;2027-09-27;CLI-0620;;SITE-0620;import
DOS-0621;Dossier import 621;;waiting;medium;;CLI-0621;DO-0621;SITE-0621;import|tag1
DOS-0622;Dossier import 622;;completed;high;2025-11-02;CLI-0622;DO-0622;SITE-0622;import
DOS-0623;Dossier import 623;;cancelled;urgent;2026-12-03;CLI-0623;DO-0623;;
DOS-0624;Dossier import 624;Description dossier 624;draft;low;2025-01-04;CLI-0624;DO-0624;SITE-0624;import|tag4
DOS-0625;Dossier import 625;;open;medium;;CLI-0625;;SITE-0625;
DOS-0626;Dossier import 626;;in_progress;high;;CLI-0626;DO-0626;SITE-0626;import
DOS-0627;Dossier import 627;;waiting;urgent;;CLI-0627;DO-0627;SITE-0627;import|tag7
DOS-0628;Dossier import 628;Description dossier 628;completed;low;2025-05-08;CLI-0628;DO-0628;SITE-0628;import
DOS-0629;Dossier import 629;;cancelled;medium;2026-06-09;CLI-0629;DO-0629;SITE-0629;
DOS-0630;Dossier import 630;;draft;high;;CLI-0630;;;import|tag0
DOS-0631;Dossier import 631;;open;urgent;;CLI-0631;DO-0631;SITE-0631;
DOS-0632;Dossier import 632;Description dossier 632;in_progress;low;2027-09-12;CLI-0632;DO-0632;SITE-0632;import
DOS-0633;Dossier import 633;;waiting;medium;;CLI-0633;DO-0633;SITE-0633;import|tag3
DOS-0634;Dossier import 634;;completed;high;2025-11-14;CLI-0634;DO-0634;SITE-0634;import
DOS-0635;Dossier import 635;;cancelled;urgent;2026-12-15;CLI-0635;;SITE-0635;
DOS-0636;Dossier import 636;Description dossier 636;draft;low;2025-01-16;CLI-0636;DO-0636;SITE-0636;import|tag6
DOS-0637;Dossier import 637;;open;medium;;CLI-0637;DO-0637;;
DOS-0638;Dossier import 638;;in_progress;high;;CLI-0638;DO-0638;SITE-0638;import
DOS-0639;Dossier import 639;;waiting;urgent;;CLI-0639;DO-0639;SITE-0639;import|tag9
DOS-0640;Dossier import 640;Description dossier 640;completed;low;2025-05-20;CLI-0640;;SITE-0640;import
DOS-0641;Dossier import 641;;cancelled;medium;2026-06-21;CLI-0641;DO-0641;SITE-0641;
DOS-0642;Dossier import 642;;draft;high;;CLI-0642;DO-0642;SITE-0642;import|tag2
DOS-0643;Dossier import 643;;open;urgent;;CLI-0643;DO-0643;SITE-0643;
DOS-0644;Dossier import 644;Description dossier 644;in_progress;low;2027-09-24;CLI-0644;DO-0644;;import
DOS-0645;Dossier import 645;;waiting;medium;;CLI-0645;;SITE-0645;import|tag5
DOS-0646;Dossier import 646;;completed;high;2025-11-26;CLI-0646;DO-0646;SITE-0646;import
DOS-0647;Dossier import 647;;cancelled;urgent;2026-12-27;CLI-0647;DO-0647;SITE-0647;
DOS-0648;Dossier import 648;Description dossier 648;draft;low;2025-01-01;CLI-0648;DO-0648;SITE-0648;import|tag8
DOS-0649;Dossier import 649;;open;medium;;CLI-0649;DO-0649;SITE-0649;
DOS-0650;Dossier import 650;;in_progress;high;;CLI-0650;;SITE-0650;import
DOS-0651;Dossier import 651;;waiting;urgent;;CLI-0651;DO-0651;;import|tag1
DOS-0652;Dossier import 652;Description dossier 652;completed;low;2025-05-05;CLI-0652;DO-0652;SITE-0652;import
DOS-0653;Dossier import 653;;cancelled;medium;2026-06-06;CLI-0653;DO-0653;SITE-0653;
DOS-0654;Dossier import 654;;draft;high;;CLI-0654;DO-0654;SITE-0654;import|tag4
DOS-0655;Dossier import 655;;open;urgent;;CLI-0655;;SITE-0655;
DOS-0656;Dossier import 656;Description dossier 656;in_progress;low;2027-09-09;CLI-0656;DO-0656;SITE-0656;import
DOS-0657;Dossier import 657;;waiting;medium;;CLI-0657;DO-0657;SITE-0657;import|tag7
DOS-0658;Dossier import 658;;completed;high;2025-11-11;CLI-0658;DO-0658;;import
DOS-0659;Dossier import 659;;cancelled;urgent;2026-12-12;CLI-0659;DO-0659;SITE-0659;
DOS-0660;Dossier import 660;Description dossier 660;draft;low;2025-01-13;CLI-0660;;SITE-0660;import|tag0
DOS-0661;Dossier import 661;;open;medium;;CLI-0661;DO-0661;SITE-0661;
DOS-0662;Dossier import 662;;in_progress;high;;CLI-0662;DO-0662;SITE-0662;import
DOS-0663;Dossier import 663;;waiting;urgent;;CLI-0663;DO-0663;SITE-0663;import|tag3
DOS-0664;Dossier import 664;Description dossier 664;completed;low;2025-05-17;CLI-0664;DO-0664;SITE-0664;import
DOS-0665;Dossier import 665;;cancelled;medium;2026-06-18;CLI-0665;;;
DOS-0666;Dossier import 666;;draft;high;;CLI-0666;DO-0666;SITE-0666;import|tag6
DOS-0667;Dossier import 667;;open;urgent;;CLI-0667;DO-0667;SITE-0667;
DOS-0668;Dossier import 668;Description dossier 668;in_progress;low;2027-09-21;CLI-0668;DO-0668;SITE-0668;import
DOS-0669;Dossier import 669;;waiting;medium;;CLI-0669;DO-0669;SITE-0669;import|tag9
DOS-0670;Dossier import 670;;completed;high;2025-11-23;CLI-0670;;SITE-0670;import
DOS-0671;Dossier import 671;;cancelled;urgent;2026-12-24;CLI-0671;DO-0671;SITE-0671;
DOS-0672;Dossier import 672;Description dossier 672;draft;low;2025-01-25;CLI-0672;DO-0672;;import|tag2
DOS-0673;Dossier import 673;;open;medium;;CLI-0673;DO-0673;SITE-0673;
DOS-0674;Dossier import 674;;in_progress;high;;CLI-0674;DO-0674;SITE-0674;import
DOS-0675;Dossier import 675;;waiting;urgent;;CLI-0675;;SITE-0675;import|tag5
DOS-0676;Dossier import 676;Description dossier 676;completed;low;2025-05-02;CLI-0676;DO-0676;SITE-0676;import
DOS-0677;Dossier import 677;;cancelled;medium;2026-06-03;CLI-0677;DO-0677;SITE-0677;
DOS-0678;Dossier import 678;;draft;high;;CLI-0678;DO-0678;SITE-0678;import|tag8
DOS-0679;Dossier import 679;;open;urgent;;CLI-0679;DO-0679;;
DOS-0680;Dossier import 680;Description dossier 680;in_progress;low;2027-09-06;CLI-0680;;SITE-0680;import
DOS-0681;Dossier import 681;;waiting;medium;;CLI-0681;DO-0681;SITE-0681;import|tag1
DOS-0682;Dossier import 682;;completed;high;2025-11-08;CLI-0682;DO-0682;SITE-0682;import
DOS-0683;Dossier import 683;;cancelled;urgent;2026-12-09;CLI-0683;DO-0683;SITE-0683;
DOS-0684;Dossier import 684;Description dossier 684;draft;low;2025-01-10;CLI-0684;DO-0684;SITE-0684;import|tag4
DOS-0685;Dossier import 685;;open;medium;;CLI-0685;;SITE-0685;
DOS-0686;Dossier import 686;;in_progress;high;;CLI-0686;DO-0686;;import
DOS-0687;Dossier import 687;;waiting;urgent;;CLI-0687;DO-0687;SITE-0687;import|tag7
DOS-0688;Dossier import 688;Description dossier 688;completed;low;2025-05-14;CLI-0688;DO-0688;SITE-0688;import
DOS-0689;Dossier import 689;;cancelled;medium;2026-06-15;CLI-0689;DO-0689;SITE-0689;
DOS-0690;Dossier import 690;;draft;high;;CLI-0690;;SITE-0690;import|tag0
DOS-0691;Dossier import 691;;open;urgent;;CLI-0691;DO-0691;SITE-0691;
DOS-0692;Dossier import 692;Description dossier 692;in_progress;low;2027-09-18;CLI-0692;DO-0692;SITE-0692;import
DOS-0693;Dossier import 693;;waiting;medium;;CLI-0693;DO-0693;;import|tag3
DOS-0694;Dossier import 694;;completed;high;2025-11-20;CLI-0694;DO-0694;SITE-0694;import
DOS-0695;Dossier import 695;;cancelled;urgent;2026-12-21;CLI-0695;;SITE-0695;
DOS-0696;Dossier import 696;Description dossier 696;draft;low;2025-01-22;CLI-0696;DO-0696;SITE-0696;import|tag6
DOS-0697;Dossier import 697;;open;medium;;CLI-0697;DO-0697;SITE-0697;
DOS-0698;Dossier import 698;;in_progress;high;;CLI-0698;DO-0698;SITE-0698;import
DOS-0699;Dossier import 699;;waiting;urgent;;CLI-0699;DO-0699;SITE-0699;import|tag9
DOS-0700;Dossier import 700;Description dossier 700;completed;low;2025-05-26;CLI-0700;;;import
DOS-0701;Dossier import 701;;cancelled;medium;2026-06-27;CLI-0701;DO-0701;SITE-0701;
DOS-0702;Dossier import 702;;draft;high;;CLI-0702;DO-0702;SITE-0702;import|tag2
DOS-0703;Dossier import 703;;open;urgent;;CLI-0703;DO-0703;SITE-0703;
DOS-0704;Dossier import 704;Description dossier 704;in_progress;low;2027-09-03;CLI-0704;DO-0704;SITE-0704;import
DOS-0705;Dossier import 705;;waiting;medium;;CLI-0705;;SITE-0705;import|tag5
DOS-0706;Dossier import 706;;completed;high;2025-11-05;CLI-0706;DO-0706;SITE-0706;import
DOS-0707;Dossier import 707;;cancelled;urgent;2026-12-06;CLI-0707;DO-0707;;
DOS-0708;Dossier import 708;Description dossier 708;draft;low;2025-01-07;CLI-0708;DO-0708;SITE-0708;import|tag8
DOS-0709;Dossier import 709;;open;medium;;CLI-0709;DO-0709;SITE-0709;
DOS-0710;Dossier import 710;;in_progress;high;;CLI-0710;;SITE-0710;import
DOS-0711;Dossier import 711;;waiting;urgent;;CLI-0711;DO-0711;SITE-0711;import|tag1
DOS-0712;Dossier import 712;Description dossier 712;completed;low;2025-05-11;CLI-0712;DO-0712;SITE-0712;import
DOS-0713;Dossier import 713;;cancelled;medium;2026-06-12;CLI-0713;DO-0713;SITE-0713;
DOS-0714;Dossier import 714;;draft;high;;CLI-0714;DO-0714;;import|tag4
DOS-0715;Dossier import 715;;open;urgent;;CLI-0715;;SITE-0715;
DOS-0716;Dossier import 716;Description dossier 716;in_progress;low;2027-09-15;CLI-0716;DO-0716;SITE-0716;import
DOS-0717;Dossier import 717;;waiting;medium;;CLI-0717;DO-0717;SITE-0717;import|tag7
DOS-0718;Dossier import 718;;completed;high;2025-11-17;CLI-0718;DO-0718;SITE-0718;import
DOS-0719;Dossier import 719;;cancelled;urgent;2026-12-18;CLI-0719;DO-0719;SITE-0719;
DOS-0720;Dossier import 720;Description dossier 720;draft;low;2025-01-19;CLI-0720;;SITE-0720;import|tag0
DOS-0721;Dossier import 721;;open;medium;;CLI-0721;DO-0721;;
DOS-0722;Dossier import 722;;in_progress;high;;CLI-0722;DO-0722;SITE-0722;import
DOS-0723;Dossier import 723;;waiting;urgent;;CLI-0723;DO-0723;SITE-0723;import|tag3
DOS-0724;Dossier import 724;Description dossier 724;completed;low;2025-05-23;CLI-0724;DO-0724;SITE-0724;import
DOS-0725;Dossier import 725;;cancelled;medium;2026-06-24;CLI-0725;;SITE-0725;
DOS-0726;Dossier import 726;;draft;high;;CLI-0726;DO-0726;SITE-0726;import|tag6
DOS-0727;Dossier import 727;;open;urgent;;CLI-0727;DO-0727;SITE-0727;
DOS-0728;Dossier import 728;Description dossier 728;in_progress;low;2027-09-27;CLI-0728;DO-0728;;import
DOS-0729;Dossier import 729;;waiting;medium;;CLI-0729;DO-0729;SITE-0729;import|tag9
DOS-0730;Dossier import 730;;completed;high;2025-11-02;CLI-0730;;SITE-0730;import
DOS-0731;Dossier import 731;;cancelled;urgent;2026-12-03;CLI-0731;DO-0731;SITE-0731;
DOS-0732;Dossier import 732;Description dossier 732;draft;low;2025-01-04;CLI-0732;DO-0732;SITE-0732;import|tag2
DOS-0733;Dossier import 733;;open;medium;;CLI-0733;DO-0733;SITE-0733;
DOS-0734;Dossier import 734;;in_progress;high;;CLI-0734;DO-0734;SITE-0734;import
DOS-0735;Dossier import 735;;waiting;urgent;;CLI-0735;;;import|tag5
DOS-0736;Dossier import 736;Description dossier 736;completed;low;2025-05-08;CLI-0736;DO-0736;SITE-0736;import
DOS-0737;Dossier import 737;;cancelled;medium;2026-06-09;CLI-0737;DO-0737;SITE-0737;
DOS-0738;Dossier import 738;;draft;high;;CLI-0738;DO-0738;SITE-0738;import|tag8
DOS-0739;Dossier import 739;;open;urgent;;CLI-0739;DO-0739;SITE-0739;
DOS-0740;Dossier import 740;Description dossier 740;in_progress;low;2027-09-12;CLI-0740;;SITE-0740;import
DOS-0741;Dossier import 741;;waiting;medium;;CLI-0741;DO-0741;SITE-0741;import|tag1
DOS-0742;Dossier import 742;;completed;high;2025-11-14;CLI-0742;DO-0742;;import
DOS-0743;Dossier import 743;;cancelled;urgent;2026-12-15;CLI-0743;DO-0743;SITE-0743;
DOS-0744;Dossier import 744;Description dossier 744;draft;low;2025-01-16;CLI-0744;DO-0744;SITE-0744;import|tag4
DOS-0745;Dossier import 745;;open;medium;;CLI-0745;;SITE-0745;
DOS-0746;Dossier import 746;;in_progress;high;;CLI-0746;DO-0746;SITE-0746;import
DOS-0747;Dossier import 747;;waiting;urgent;;CLI-0747;DO-0747;SITE-0747;import|tag7
DOS-0748;Dossier import 748;Description dossier 748;completed;low;2025-05-20;CLI-0748;DO-0748;SITE-0748;import
DOS-0749;Dossier import 749;;cancelled;medium;2026-06-21;CLI-0749;DO-0749;;
DOS-0750;Dossier import 750;;draft;high;;CLI-0750;;SITE-0750;import|tag0
DOS-0751;Dossier import 751;;open;urgent;;CLI-0751;DO-0751;SITE-0751;
DOS-0752;Dossier import 752;Description dossier 752;in_progress;low;2027-09-24;CLI-0752;DO-0752;SITE-0752;import
DOS-0753;Dossier import 753;;waiting;medium;;CLI-0753;DO-0753;SITE-0753;import|tag3
DOS-0754;Dossier import 754;;completed;high;2025-11-26;CLI-0754;DO-0754;SITE-0754;import
DOS-0755;Dossier import 755;;cancelled;urgent;2026-12-27;CLI-0755;;SITE-0755;
DOS-0756;Dossier import 756;Description dossier 756;draft;low;2025-01-01;CLI-0756;DO-0756;;import|tag6
DOS-0757;Dossier import 757;;open;medium;;CLI-0757;DO-0757;SITE-0757;
DOS-0758;Dossier import 758;;in_progress;high;;CLI-0758;DO-0758;SITE-0758;import
DOS-0759;Dossier import 759;;waiting;urgent;;CLI-0759;DO-0759;SITE-0759;import|tag9
DOS-0760;Dossier import 760;Description dossier 760;completed;low;2025-05-05;CLI-0760;;SITE-0760;import
DOS-0761;Dossier import 761;;cancelled;medium;2026-06-06;CLI-0761;DO-0761;SITE-0761;
DOS-0762;Dossier import 762;;draft;high;;CLI-0762;DO-0762;SITE-0762;import|tag2
DOS-0763;Dossier import 763;;open;urgent;;CLI-0763;DO-0763;;
DOS-0764;Dossier import 764;Description dossier 764;in_progress;low;2027-09-09;CLI-0764;DO-0764;SITE-0764;import
DOS-0765;Dossier import 765;;waiting;medium;;CLI-0765;;SITE-0765;import|tag5
DOS-0766;Dossier import 766;;completed;high;2025-11-11;CLI-0766;DO-0766;SITE-0766;import
DOS-0767;Dossier import 767;;cancelled;urgent;2026-12-12;CLI-0767;DO-0767;SITE-0767;
DOS-0768;Dossier import 768;Description dossier 768;draft;low;2025-01-13;CLI-0768;DO-0768;SITE-0768;import|tag8
DOS-0769;Dossier import 769;;open;medium;;CLI-0769;DO-0769;SITE-0769;
DOS-0770;Dossier import 770;;in_progress;high;;CLI-0770;;;import
DOS-0771;Dossier import 771;;waiting;urgent;;CLI-0771;DO-0771;SITE-0771;import|tag1
DOS-0772;Dossier import 772;Description dossier 772;completed;low;2025-05-17;CLI-0772;DO-0772;SITE-0772;import
DOS-0773;Dossier import 773;;cancelled;medium;2026-06-18;CLI-0773;DO-0773;SITE-0773;
DOS-0774;Dossier import 774;;draft;high;;CLI-0774;DO-0774;SITE-0774;import|tag4
DOS-0775;Dossier import 775;;open;urgent;;CLI-0775;;SITE-0775;
DOS-0776;Dossier import 776;Description dossier 776;in_progress;low;2027-09-21;CLI-0776;DO-0776;SITE-0776;import
DOS-0777;Dossier import 777;;waiting;medium;;CLI-0777;DO-0777;;import|tag7
DOS-0778;Dossier import 778;;completed;high;2025-11-23;CLI-0778;DO-0778;SITE-0778;import
DOS-0779;Dossier import 779;;cancelled;urgent;2026-12-24;CLI-0779;DO-0779;SITE-0779;
DOS-0780;Dossier import 780;Description dossier 780;draft;low;2025-01-25;CLI-0780;;SITE-0780;import|tag0
DOS-0781;Dossier import 781;;open;medium;;CLI-0781;DO-0781;SITE-0781;
DOS-0782;Dossier import 782;;in_progress;high;;CLI-0782;DO-0782;SITE-0782;import
DOS-0783;Dossier import 783;;waiting;urgent;;CLI-0783;DO-0783;SITE-0783;import|tag3
DOS-0784;Dossier import 784;Description dossier 784;completed;low;2025-05-02;CLI-0784;DO-0784;;import
DOS-0785;Dossier import 785;;cancelled;medium;2026-06-03;CLI-0785;;SITE-0785;
DOS-0786;Dossier import 786;;draft;high;;CLI-0786;DO-0786;SITE-0786;import|tag6
DOS-0787;Dossier import 787;;open;urgent;;CLI-0787;DO-0787;SITE-0787;
DOS-0788;Dossier import 788;Description dossier 788;in_progress;low;2027-09-06;CLI-0788;DO-0788;SITE-0788;import
DOS-0789;Dossier import 789;;waiting;medium;;CLI-0789;DO-0789;SITE-0789;import|tag9
DOS-0790;Dossier import 790;;completed;high;2025-11-08;CLI-0790;;SITE-0790;import
DOS-0791;Dossier import 791;;cancelled;urgent;2026-12-09;CLI-0791;DO-0791;;
DOS-0792;Dossier import 792;Description dossier 792;draft;low;2025-01-10;CLI-0792;DO-0792;SITE-0792;import|tag2
DOS-0793;Dossier import 793;;open;medium;;CLI-0793;DO-0793;SITE-0793;
DOS-0794;Dossier import 794;;in_progress;high;;CLI-0794;DO-0794;SITE-0794;import
DOS-0795;Dossier import 795;;waiting;urgent;;CLI-0795;;SITE-0795;import|tag5
DOS-0796;Dossier import 796;Description dossier 796;completed;low;2025-05-14;CLI-0796;DO-0796;SITE-0796;import
DOS-0797;Dossier import 797;;cancelled;medium;2026-06-15;CLI-0797;DO-0797;SITE-0797;
DOS-0798;Dossier import 798;;draft;high;;CLI-0798;DO-0798;;import|tag8
DOS-0799;Dossier import 799;;open;urgent;;CLI-0799;DO-0799;SITE-0799;
DOS-0800;Dossier import 800;Description dossier 800;in_progress;low;2027-09-18;CLI-0800;;SITE-0800;import
DOS-0801;Dossier import 801;;waiting;medium;;CLI-0801;DO-0801;SITE-0801;import|tag1
DOS-0802;Dossier import 802;;completed;high;2025-11-20;CLI-0802;DO-0802;SITE-0802;import
DOS-0803;Dossier import 803;;cancelled;urgent;2026-12-21;CLI-0803;DO-0803;SITE-0803;
DOS-0804;Dossier import 804;Description dossier 804;draft;low;2025-01-22;CLI-0804;DO-0804;SITE-0804;import|tag4
DOS-0805;Dossier import 805;;open;medium;;CLI-0805;;;
DOS-0806;Dossier import 806;;in_progress;high;;CLI-0806;DO-0806;SITE-0806;import
DOS-0807;Dossier import 807;;waiting;urgent;;CLI-0807;DO-0807;SITE-0807;import|tag7
DOS-0808;Dossier import 808;Description dossier 808;completed;low;2025-05-26;CLI-0808;DO-0808;SITE-0808;import
DOS-0809;Dossier import 809;;cancelled;medium;2026-06-27;CLI-0809;DO-0809;SITE-0809;
DOS-0810;Dossier import 810;;draft;high;;CLI-0810;;SITE-0810;import|tag0
DOS-0811;Dossier import 811;;open;urgent;;CLI-0811;DO-0811;SITE-0811;
DOS-0812;Dossier import 812;Description dossier 812;in_progress;low;2027-09-03;CLI-0812;DO-0812;;import
DOS-0813;Dossier import 813;;waiting;medium;;CLI-0813;DO-0813;SITE-0813;import|tag3
DOS-0814;Dossier import 814;;completed;high;2025-11-05;CLI-0814;DO-0814;SITE-0814;import
DOS-0815;Dossier import 815;;cancelled;urgent;2026-12-06;CLI-0815;;SITE-0815;
DOS-0816;Dossier import 816;Description dossier 816;draft;low;2025-01-07;CLI-0816;DO-0816;SITE-0816;import|tag6
DOS-0817;Dossier import 817;;open;medium;;CLI-0817;DO-0817;SITE-0817;
DOS-0818;Dossier import 818;;in_progress;high;;CLI-0818;DO-0818;SITE-0818;import
DOS-0819;Dossier import 819;;waiting;urgent;;CLI-0819;DO-0819;;import|tag9
DOS-0820;Dossier import 820;Description dossier 820;completed;low;2025-05-11;CLI-0820;;SITE-0820;import
DOS-0821;Dossier import 821;;cancelled;medium;2026-06-12;CLI-0821;DO-0821;SITE-0821;
DOS-0822;Dossier import 822;;draft;high;;CLI-0822;DO-0822;SITE-0822;import|tag2
DOS-0823;Dossier import 823;;open;urgent;;CLI-0823;DO-0823;SITE-0823;
DOS-0824;Dossier import 824;Description dossier 824;in_progress;low;2027-09-15;CLI-0824;DO-0824;SITE-0824;import
DOS-0825;Dossier import 825;;waiting;medium;;CLI-0825;;SITE-0825;import|tag5
DOS-0826;Dossier import 826;;completed;high;2025-11-17;CLI-0826;DO-0826;;import
DOS-0827;Dossier import 827;;cancelled;urgent;2026-12-18;CLI-0827;DO-0827;SITE-0827;
DOS-0828;Dossier import 828;Description dossier 828;draft;low;2025-01-19;CLI-0828;DO-0828;SITE-0828;import|tag8
DOS-0829;Dossier import 829;;open;medium;;CLI-0829;DO-0829;SITE-0829;
DOS-0830;Dossier import 830;;in_progress;high;;CLI-0830;;SITE-0830;import
DOS-0831;Dossier import 831;;waiting;urgent;;CLI-0831;DO-0831;SITE-0831;import|tag1
DOS-0832;Dossier import 832;Description dossier 832;completed;low;2025-05-23;CLI-0832;DO-0832;SITE-0832;import
DOS-0833;Dossier import 833;;cancelled;medium;2026-06-24;CLI-0833;DO-0833;;
DOS-0834;Dossier import 834;;draft;high;;CLI-0834;DO-0834;SITE-0834;import|tag4
DOS-0835;Dossier import 835;;open;urgent;;CLI-0835;;SITE-0835;
DOS-0836;Dossier import 836;Description dossier 836;in_progress;low;2027-09-27;CLI-0836;DO-0836;SITE-0836;import
DOS-0837;Dossier import 837;;waiting;medium;;CLI-0837;DO-0837;SITE-0837;import|tag7
DOS-0838;Dossier import 838;;completed;high;2025-11-02;CLI-0838;DO-0838;SITE-0838;import
DOS-0839;Dossier import 839;;cancelled;urgent;2026-12-03;CLI-0839;DO-0839;SITE-0839;
DOS-0840;Dossier import 840;Description dossier 840;draft;low;2025-01-04;CLI-0840;;;import|tag0
DOS-0841;Dossier import 841;;open;medium;;CLI-0841;DO-0841;SITE-0841;
DOS-0842;Dossier import 842;;in_progress;high;;CLI-0842;DO-0842;SITE-0842;import
DOS-0843;Dossier import 843;;waiting;urgent;;CLI-0843;DO-0843;SITE-0843;import|tag3
DOS-0844;Dossier import 844;Description dossier 844;completed;low;2025-05-08;CLI-0844;DO-0844;SITE-0844;import
DOS-0845;Dossier import 845;;cancelled;medium;2026-06-09;CLI-0845;;SITE-0845;
DOS-0846;Dossier import 846;;draft;high;;CLI-0846;DO-0846;SITE-0846;import|tag6
DOS-0847;Dossier import 847;;open;urgent;;CLI-0847;DO-0847;;
DOS-0848;Dossier import 848;Description dossier 848;in_progress;low;2027-09-12;CLI-0848;DO-0848;SITE-0848;import
DOS-0849;Dossier import 849;;waiting;medium;;CLI-0849;DO-0849;SITE-0849;import|tag9
DOS-0850;Dossier import 850;;completed;high;2025-11-14;CLI-0850;;SITE-0850;import
DOS-0851;Dossier import 851;;cancelled;urgent;2026-12-15;CLI-0851;DO-0851;SITE-0851;
DOS-0852;Dossier import 852;Description dossier 852;draft;low;2025-01-16;CLI-0852;DO-0852;SITE-0852;import|tag2
DOS-0853;Dossier import 853;;open;medium;;CLI-0853;DO-0853;SITE-0853;
DOS-0854;Dossier import 854;;in_progress;high;;CLI-0854;DO-0854;;import
DOS-0855;Dossier import 855;;waiting;urgent;;CLI-0855;;SITE-0855;import|tag5
DOS-0856;Dossier import 856;Description dossier 856;completed;low;2025-05-20;CLI-0856;DO-0856;SITE-0856;import
DOS-0857;Dossier import 857;;cancelled;medium;2026-06-21;CLI-0857;DO-0857;SITE-0857;
DOS-0858;Dossier import 858;;draft;high;;CLI-0858;DO-0858;SITE-0858;import|tag8
DOS-0859;Dossier import 859;;open;urgent;;CLI-0859;DO-0859;SITE-0859;
DOS-0860;Dossier import 860;Description dossier 860;in_progress;low;2027-09-24;CLI-0860;;SITE-0860;import
DOS-0861;Dossier import 861;;waiting;medium;;CLI-0861;DO-0861;;import|tag1
DOS-0862;Dossier import 862;;completed;high;2025-11-26;CLI-0862;DO-0862;SITE-0862;import
DOS-0863;Dossier import 863;;cancelled;urgent;2026-12-27;CLI-0863;DO-0863;SITE-0863;
DOS-0864;Dossier import 864;Description dossier 864;draft;low;2025-01-01;CLI-0864;DO-0864;SITE-0864;import|tag4
DOS-0865;Dossier import 865;;open;medium;;CLI-0865;;SITE-0865;
DOS-0866;Dossier import 866;;in_progress;high;;CLI-0866;DO-0866;SITE-0866;import
DOS-0867;Dossier import 867;;waiting;urgent;;CLI-0867;DO-0867;SITE-0867;import|tag7
DOS-0868;Dossier import 868;Description dossier 868;completed;low;2025-05-05;CLI-0868;DO-0868;;import
DOS-0869;Dossier import 869;;cancelled;medium;2026-06-06;CLI-0869;DO-0869;SITE-0869;
DOS-0870;Dossier import 870;;draft;high;;CLI-0870;;SITE-0870;import|tag0
DOS-0871;Dossier import 871;;open;urgent;;CLI-0871;DO-0871;SITE-0871;
DOS-0872;Dossier import 872;Description dossier 872;in_progress;low;2027-09-09;CLI-0872;DO-0872;SITE-0872;import
DOS-0873;Dossier import 873;;waiting;medium;;CLI-0873;DO-0873;SITE-0873;import|tag3
DOS-0874;Dossier import 874;;completed;high;2025-11-11;CLI-0874;DO-0874;SITE-0874;import
DOS-0875;Dossier import 875;;cancelled;urgent;2026-12-12;CLI-0875;;;
DOS-0876;Dossier import 876;Description dossier 876;draft;low;2025-01-13;CLI-0876;DO-0876;SITE-0876;import|tag6
DOS-0877;Dossier import 877;;open;medium;;CLI-0877;DO-0877;SITE-0877;
DOS-0878;Dossier import 878;;in_progress;high;;CLI-0878;DO-0878;SITE-0878;import
DOS-0879;Dossier import 879;;waiting;urgent;;CLI-0879;DO-0879;SITE-0879;import|tag9
DOS-0880;Dossier import 880;Description dossier 880;completed;low;2025-05-17;CLI-0880;;SITE-0880;import
DOS-0881;Dossier import 881;;cancelled;medium;2026-06-18;CLI-0881;DO-0881;SITE-0881;
DOS-0882;Dossier import 882;;draft;high;;CLI-0882;DO-0882;;import|tag2
DOS-0883;Dossier import 883;;open;urgent;;CLI-0883;DO-0883;SITE-0883;
DOS-0884;Dossier import 884;Description dossier 884;in_progress;low;2027-09-21;CLI-0884;DO-0884;SITE-0884;import
DOS-0885;Dossier import 885;;waiting;medium;;CLI-0885;;SITE-0885;import|tag5
DOS-0886;Dossier import 886;;completed;high;2025-11-23;CLI-0886;DO-0886;SITE-0886;import
DOS-0887;Dossier import 887;;cancelled;urgent;2026-12-24;CLI-0887;DO-0887;SITE-0887;
DOS-0888;Dossier import 888;Description dossier 888;draft;low;2025-01-25;CLI-0888;DO-0888;SITE-0888;import|tag8
DOS-0889;Dossier import 889;;open;medium;;CLI-0889;DO-0889;;
DOS-0890;Dossier import 890;;in_progress;high;;CLI-0890;;SITE-0890;import
DOS-0891;Dossier import 891;;waiting;urgent;;CLI-0891;DO-0891;SITE-0891;import|tag1
DOS-0892;Dossier import 892;Description dossier 892;completed;low;2025-05-02;CLI-0892;DO-0892;SITE-0892;import
DOS-0893;Dossier import 893;;cancelled;medium;2026-06-03;CLI-0893;DO-0893;SITE-0893;
DOS-0894;Dossier import 894;;draft;high;;CLI-0894;DO-0894;SITE-0894;import|tag4
DOS-0895;Dossier import 895;;open;urgent;;CLI-0895;;SITE-0895;
DOS-0896;Dossier import 896;Description dossier 896;in_progress;low;2027-09-06;CLI-0896;DO-0896;;import
DOS-0897;Dossier import 897;;waiting;medium;;CLI-0897;DO-0897;SITE-0897;import|tag7
DOS-0898;Dossier import 898;;completed;high;2025-11-08;CLI-0898;DO-0898;SITE-0898;import
DOS-0899;Dossier import 899;;cancelled;urgent;2026-12-09;CLI-0899;DO-0899;SITE-0899;
DOS-0900;Dossier import 900;Description dossier 900;draft;low;2025-01-10;CLI-0900;;SITE-0900;import|tag0
DOS-0901;Dossier import 901;;open;medium;;CLI-0901;DO-0901;SITE-0901;
DOS-0902;Dossier import 902;;in_progress;high;;CLI-0902;DO-0902;SITE-0902;import
DOS-0903;Dossier import 903;;waiting;urgent;;CLI-0903;DO-0903;;import|tag3
DOS-0904;Dossier import 904;Description dossier 904;completed;low;2025-05-14;CLI-0904;DO-0904;SITE-0904;import
DOS-0905;Dossier import 905;;cancelled;medium;2026-06-15;CLI-0905;;SITE-0905;
DOS-0906;Dossier import 906;;draft;high;;CLI-0906;DO-0906;SITE-0906;import|tag6
DOS-0907;Dossier import 907;;open;urgent;;CLI-0907;DO-0907;SITE-0907;
DOS-0908;Dossier import 908;Description dossier 908;in_progress;low;2027-09-18;CLI-0908;DO-0908;SITE-0908;import
DOS-0909;Dossier import 909;;waiting;medium;;CLI-0909;DO-0909;SITE-0909;import|tag9
DOS-0910;Dossier import 910;;completed;high;2025-11-20;CLI-0910;;;import
DOS-0911;Dossier import 911;;cancelled;urgent;2026-12-21;CLI-0911;DO-0911;SITE-0911;
DOS-0912;Dossier import 912;Description dossier 912;draft;low;2025-01-22;CLI-0912;DO-0912;SITE-0912;import|tag2
DOS-0913;Dossier import 913;;open;medium;;CLI-0913;DO-0913;SITE-0913;
DOS-0914;Dossier import 914;;in_progress;high;;CLI-0914;DO-0914;SITE-0914;import
DOS-0915;Dossier import 915;;waiting;urgent;;CLI-0915;;SITE-0915;import|tag5
DOS-0916;Dossier import 916;Description dossier 916;completed;low;2025-05-26;CLI-0916;DO-0916;SITE-0916;import
DOS-0917;Dossier import 917;;cancelled;medium;2026-06-27;CLI-0917;DO-0917;;
DOS-0918;Dossier import 918;;draft;high;;CLI-0918;DO-0918;SITE-0918;import|tag8
DOS-0919;Dossier import 919;;open;urgent;;CLI-0919;DO-0919;SITE-0919;
DOS-0920;Dossier import 920;Description dossier 920;in_progress;low;2027-09-03;CLI-0920;;SITE-0920;import
DOS-0921;Dossier import 921;;waiting;medium;;CLI-0921;DO-0921;SITE-0921;import|tag1
DOS-0922;Dossier import 922;;completed;high;2025-11-05;CLI-0922;DO-0922;SITE-0922;import
DOS-0923;Dossier import 923;;cancelled;urgent;2026-12-06;CLI-0923;DO-0923;SITE-0923;
DOS-0924;Dossier import 924;Description dossier 924;draft;low;2025-01-07;CLI-0924;DO-0924;;import|tag4
DOS-0925;Dossier import 925;;open;medium;;CLI-0925;;SITE-0925;
DOS-0926;Dossier import 926;;in_progress;high;;CLI-0926;DO-0926;SITE-0926;import
DOS-0927;Dossier import 927;;waiting;urgent;;CLI-0927;DO-0927;SITE-0927;import|tag7
DOS-0928;Dossier import 928;Description dossier 928;completed;low;2025-05-11;CLI-0928;DO-0928;SITE-0928;import
DOS-0929;Dossier import 929;;cancelled;medium;2026-06-12;CLI-0929;DO-0929;SITE-0929;
DOS-0930;Dossier import 930;;draft;high;;CLI-0930;;SITE-0930;import|tag0
DOS-0931;Dossier import 931;;open;urgent;;CLI-0931;DO-0931;;
DOS-0932;Dossier import 932;Description dossier 932;in_progress;low;2027-09-15;CLI-0932;DO-0932;SITE-0932;import
DOS-0933;Dossier import 933;;waiting;medium;;CLI-0933;DO-0933;SITE-0933;import|tag3
DOS-0934;Dossier import 934;;completed;high;2025-11-17;CLI-0934;DO-0934;SITE-0934;import
DOS-0935;Dossier import 935;;cancelled;urgent;2026-12-18;CLI-0935;;SITE-0935;
DOS-0936;Dossier import 936;Description dossier 936;draft;low;2025-01-19;CLI-0936;DO-0936;SITE-0936;import|tag6
DOS-0937;Dossier import 937;;open;medium;;CLI-0937;DO-0937;SITE-0937;
DOS-0938;Dossier import 938;;in_progress;high;;CLI-0938;DO-0938;;import
DOS-0939;Dossier import 939;;waiting;urgent;;CLI-0939;DO-0939;SITE-0939;import|tag9
DOS-0940;Dossier import 940;Description dossier 940;completed;low;2025-05-23;CLI-0940;;SITE-0940;import
DOS-0941;Dossier import 941;;cancelled;medium;2026-06-24;CLI-0941;DO-0941;SITE-0941;
DOS-0942;Dossier import 942;;draft;high;;CLI-0942;DO-0942;SITE-0942;import|tag2
DOS-0943;Dossier import 943;;open;urgent;;CLI-0943;DO-0943;SITE-0943;
DOS-0944;Dossier import 944;Description dossier 944;in_progress;low;2027-09-27;CLI-0944;DO-0944;SITE-0944;import
DOS-0945;Dossier import 945;;waiting;medium;;CLI-0945;;;import|tag5
DOS-0946;Dossier import 946;;completed;high;2025-11-02;CLI-0946;DO-0946;SITE-0946;import
DOS-0947;Dossier import 947;;cancelled;urgent;2026-12-03;CLI-0947;DO-0947;SITE-0947;
DOS-0948;Dossier import 948;Description dossier 948;draft;low;2025-01-04;CLI-0948;DO-0948;SITE-0948;import|tag8
DOS-0949;Dossier import 949;;open;medium;;CLI-0949;DO-0949;SITE-0949;
DOS-0950;Dossier import 950;;in_progress;high;;CLI-0950;;SITE-0950;import
DOS-0951;Dossier import 951;;waiting;urgent;;CLI-0951;DO-0951;SITE-0951;import|tag1
DOS-0952;Dossier import 952;Description dossier 952;completed;low;2025-05-08;CLI-0952;DO-0952;;import
DOS-0953;Dossier import 953;;cancelled;medium;2026-06-09;CLI-0953;DO-0953;SITE-0953;
DOS-0954;Dossier import 954;;draft;high;;CLI-0954;DO-0954;SITE-0954;import|tag4
DOS-0955;Dossier import 955;;open;urgent;;CLI-0955;;SITE-0955;
DOS-0956;Dossier import 956;Description dossier 956;in_progress;low;2027-09-12;CLI-0956;DO-0956;SITE-0956;import
DOS-0957;Dossier import 957;;waiting;medium;;CLI-0957;DO-0957;SITE-0957;import|tag7
DOS-0958;Dossier import 958;;completed;high;2025-11-14;CLI-0958;DO-0958;SITE-0958;import
DOS-0959;Dossier import 959;;cancelled;urgent;2026-12-15;CLI-0959;DO-0959;;
DOS-0960;Dossier import 960;Description dossier 960;draft;low;2025-01-16;CLI-0960;;SITE-0960;import|tag0
DOS-0961;Dossier import 961;;open;medium;;CLI-0961;DO-0961;SITE-0961;
DOS-0962;Dossier import 962;;in_progress;high;;CLI-0962;DO-0962;SITE-0962;import
DOS-0963;Dossier import 963;;waiting;urgent;;CLI-0963;DO-0963;SITE-0963;import|tag3
DOS-0964;Dossier import 964;Description dossier 964;completed;low;2025-05-20;CLI-0964;DO-0964;SITE-0964;import
DOS-0965;Dossier import 965;;cancelled;medium;2026-06-21;CLI-0965;;SITE-0965;
DOS-0966;Dossier import 966;;draft;high;;CLI-0966;DO-0966;;import|tag6
DOS-0967;Dossier import 967;;open;urgent;;CLI-0967;DO-0967;SITE-0967;
DOS-0968;Dossier import 968;Description dossier 968;in_progress;low;2027-09-24;CLI-0968;DO-0968;SITE-0968;import
DOS-0969;Dossier import 969;;waiting;medium;;CLI-0969;DO-0969;SITE-0969;import|tag9
DOS-0970;Dossier import 970;;completed;high;2025-11-26;CLI-0970;;SITE-0970;import
DOS-0971;Dossier import 971;;cancelled;urgent;2026-12-27;CLI-0971;DO-0971;SITE-0971;
DOS-0972;Dossier import 972;Description dossier 972;draft;low;2025-01-01;CLI-0972;DO-0972;SITE-0972;import|tag2
DOS-0973;Dossier import 973;;open;medium;;CLI-0973;DO-0973;;
DOS-0974;Dossier import 974;;in_progress;high;;CLI-0974;DO-0974;SITE-0974;import
DOS-0975;Dossier import 975;;waiting;urgent;;CLI-0975;;SITE-0975;import|tag5
DOS-0976;Dossier import 976;Description dossier 976;completed;low;2025-05-05;CLI-0976;DO-0976;SITE-0976;import
DOS-0977;Dossier import 977;;cancelled;medium;2026-06-06;CLI-0977;DO-0977;SITE-0977;
DOS-0978;Dossier import 978;;draft;high;;CLI-0978;DO-0978;SITE-0978;import|tag8
DOS-0979;Dossier import 979;;open;urgent;;CLI-0979;DO-0979;SITE-0979;
DOS-0980;Dossier import 980;Description dossier 980;in_progress;low;2027-09-09;CLI-0980;;;import
DOS-0981;Dossier import 981;;waiting;medium;;CLI-0981;DO-0981;SITE-0981;import|tag1
DOS-0982;Dossier import 982;;completed;high;2025-11-11;CLI-0982;DO-0982;SITE-0982;import
DOS-0983;Dossier import 983;;cancelled;urgent;2026-12-12;CLI-0983;DO-0983;SITE-0983;
DOS-0984;Dossier import 984;Description dossier 984;draft;low;2025-01-13;CLI-0984;DO-0984;SITE-0984;import|tag4
DOS-0985;Dossier import 985;;open;medium;;CLI-0985;;SITE-0985;
DOS-0986;Dossier import 986;;in_progress;high;;CLI-0986;DO-0986;SITE-0986;import
DOS-0987;Dossier import 987;;waiting;urgent;;CLI-0987;DO-0987;;import|tag7
DOS-0988;Dossier import 988;Description dossier 988;completed;low;2025-05-17;CLI-0988;DO-0988;SITE-0988;import
DOS-0989;Dossier import 989;;cancelled;medium;2026-06-18;CLI-0989;DO-0989;SITE-0989;
DOS-0990;Dossier import 990;;draft;high;;CLI-0990;;SITE-0990;import|tag0
DOS-0991;Dossier import 991;;open;urgent;;CLI-0991;DO-0991;SITE-0991;
DOS-0992;Dossier import 992;Description dossier 992;in_progress;low;2027-09-21;CLI-0992;DO-0992;SITE-0992;import
DOS-0993;Dossier import 993;;waiting;medium;;CLI-0993;DO-0993;SITE-0993;import|tag3
DOS-0994;Dossier import 994;;completed;high;2025-11-23;CLI-0994;DO-0994;;import
DOS-0995;Dossier import 995;;cancelled;urgent;2026-12-24;CLI-0995;;SITE-0995;
DOS-0996;Dossier import 996;Description dossier 996;draft;low;2025-01-25;CLI-0996;DO-0996;SITE-0996;import|tag6
DOS-0997;Dossier import 997;;open;medium;;CLI-0997;DO-0997;SITE-0997;
DOS-0998;Dossier import 998;;in_progress;high;;CLI-0998;DO-0998;SITE-0998;import
DOS-0999;Dossier import 999;;waiting;urgent;;CLI-0999;DO-0999;SITE-0999;import|tag9
DOS-1000;Dossier import 1000;Description dossier 1000;completed;low;2025-05-02;CLI-1000;;SITE-1000;import
