externalId;customerExternalId;label;addressLine1;addressLine2;postalCode;city;country;isDefault;notes
SITE-0001;CLI-0001;Agence;2 place de la République;;75002;Paris;FR;true;
SITE-0002;CLI-0002;Entrepôt;3 chemin des Vignes;;69001;Lyon;FR;true;
SITE-0003;CLI-0003;Chantier principal;4 impasse des Lilas;;69003;Lyon;FR;true;
SITE-0004;CLI-0004;Bureau;5 allée des Tilleuls;;13001;Marseille;FR;true;
SITE-0005;CLI-0005;Siège;6 rue Nationale;;33000;Bordeaux;FR;true;
SITE-0006;CLI-0006;Agence;7 cours Mirabeau;;31000;Toulouse;FR;true;
SITE-0007;CLI-0007;Entrepôt;8 rue de la Paix;;44000;Nantes;FR;true;
SITE-0008;CLI-0008;Chantier principal;9 avenue Victor Hugo;;59000;Lille;FR;true;
SITE-0009;CLI-0009;Bureau;10 boulevard Haussmann;Étage 2;67000;Strasbourg;FR;true;
SITE-0010;CLI-0010;Siège;11 rue du Commerce;;34000;Montpellier;FR;true;
SITE-0011;CLI-0011;Agence;12 place de la République;;06000;Nice;FR;true;
SITE-0012;CLI-0012;Entrepôt;13 chemin des Vignes;;35000;Rennes;FR;true;
SITE-0013;CLI-0013;Chantier principal;14 impasse des Lilas;;51100;Reims;FR;true;
SITE-0014;CLI-0014;Bureau;15 allée des Tilleuls;;21000;Dijon;FR;true;
SITE-0015;CLI-0015;Siège;16 rue Nationale;;80000;Amiens;FR;true;
SITE-0016;CLI-0016;Agence;17 cours Mirabeau;;76000;Rouen;FR;true;
SITE-0017;CLI-0017;Entrepôt;18 rue de la Paix;;14000;Caen;FR;true;Site principal
SITE-0018;CLI-0018;Chantier principal;19 avenue Victor Hugo;Étage 2;29200;Brest;FR;true;
SITE-0019;CLI-0019;Bureau;20 boulevard Haussmann;;29800;Landerneau;FR;true;
SITE-0020;CLI-0020;Siège;21 rue du Commerce;;75001;Paris;FR;true;
SITE-0021;CLI-0021;Agence;22 place de la République;;75002;Paris;FR;true;
SITE-0022;CLI-0022;Entrepôt;23 chemin des Vignes;;69001;Lyon;FR;true;
SITE-0023;CLI-0023;Chantier principal;24 impasse des Lilas;;69003;Lyon;FR;true;
SITE-0024;CLI-0024;Bureau;25 allée des Tilleuls;;13001;Marseille;FR;true;
SITE-0025;CLI-0025;Siège;26 rue Nationale;;33000;Bordeaux;FR;true;
SITE-0026;CLI-0026;Agence;27 cours Mirabeau;;31000;Toulouse;FR;true;
SITE-0027;CLI-0027;Entrepôt;28 rue de la Paix;Étage 2;44000;Nantes;FR;true;
SITE-0028;CLI-0028;Chantier principal;29 avenue Victor Hugo;;59000;Lille;FR;true;
SITE-0029;CLI-0029;Bureau;30 boulevard Haussmann;;67000;Strasbourg;FR;true;
SITE-0030;CLI-0030;Siège;31 rue du Commerce;;34000;Montpellier;FR;true;
SITE-0031;CLI-0031;Agence;32 place de la République;;06000;Nice;FR;true;
SITE-0032;CLI-0032;Entrepôt;33 chemin des Vignes;;35000;Rennes;FR;true;
SITE-0033;CLI-0033;Chantier principal;34 impasse des Lilas;;51100;Reims;FR;true;
SITE-0034;CLI-0034;Bureau;35 allée des Tilleuls;;21000;Dijon;FR;true;Site principal
SITE-0035;CLI-0035;Siège;36 rue Nationale;;80000;Amiens;FR;true;
SITE-0036;CLI-0036;Agence;37 cours Mirabeau;Étage 2;76000;Rouen;FR;true;
SITE-0037;CLI-0037;Entrepôt;38 rue de la Paix;;14000;Caen;FR;true;
SITE-0038;CLI-0038;Chantier principal;39 avenue Victor Hugo;;29200;Brest;FR;true;
SITE-0039;CLI-0039;Bureau;40 boulevard Haussmann;;29800;Landerneau;FR;true;
SITE-0040;CLI-0040;Siège;41 rue du Commerce;;75001;Paris;FR;true;
SITE-0041;CLI-0041;Agence;42 place de la République;;75002;Paris;FR;true;
SITE-0042;CLI-0042;Entrepôt;43 chemin des Vignes;;69001;Lyon;FR;true;
SITE-0043;CLI-0043;Chantier principal;44 impasse des Lilas;;69003;Lyon;FR;true;
SITE-0044;CLI-0044;Bureau;45 allée des Tilleuls;;13001;Marseille;FR;true;
SITE-0045;CLI-0045;Siège;46 rue Nationale;Étage 2;33000;Bordeaux;FR;true;
SITE-0046;CLI-0046;Agence;47 cours Mirabeau;;31000;Toulouse;FR;true;
SITE-0047;CLI-0047;Entrepôt;48 rue de la Paix;;44000;Nantes;FR;true;
SITE-0048;CLI-0048;Chantier principal;49 avenue Victor Hugo;;59000;Lille;FR;true;
SITE-0049;CLI-0049;Bureau;50 boulevard Haussmann;;67000;Strasbourg;FR;true;
SITE-0050;CLI-0050;Siège;51 rue du Commerce;;34000;Montpellier;FR;true;
SITE-0051;CLI-0051;Agence;52 place de la République;;06000;Nice;FR;true;Site principal
SITE-0052;CLI-0052;Entrepôt;53 chemin des Vignes;;35000;Rennes;FR;true;
SITE-0053;CLI-0053;Chantier principal;54 impasse des Lilas;;51100;Reims;FR;true;
SITE-0054;CLI-0054;Bureau;55 allée des Tilleuls;Étage 2;21000;Dijon;FR;true;
SITE-0055;CLI-0055;Siège;56 rue Nationale;;80000;Amiens;FR;true;
SITE-0056;CLI-0056;Agence;57 cours Mirabeau;;76000;Rouen;FR;true;
SITE-0057;CLI-0057;Entrepôt;58 rue de la Paix;;14000;Caen;FR;true;
SITE-0058;CLI-0058;Chantier principal;59 avenue Victor Hugo;;29200;Brest;FR;true;
SITE-0059;CLI-0059;Bureau;60 boulevard Haussmann;;29800;Landerneau;FR;true;
SITE-0060;CLI-0060;Siège;61 rue du Commerce;;75001;Paris;FR;true;
SITE-0061;CLI-0061;Agence;62 place de la République;;75002;Paris;FR;true;
SITE-0062;CLI-0062;Entrepôt;63 chemin des Vignes;;69001;Lyon;FR;true;
SITE-0063;CLI-0063;Chantier principal;64 impasse des Lilas;Étage 2;69003;Lyon;FR;true;
SITE-0064;CLI-0064;Bureau;65 allée des Tilleuls;;13001;Marseille;FR;true;
SITE-0065;CLI-0065;Siège;66 rue Nationale;;33000;Bordeaux;FR;true;
SITE-0066;CLI-0066;Agence;67 cours Mirabeau;;31000;Toulouse;FR;true;
SITE-0067;CLI-0067;Entrepôt;68 rue de la Paix;;44000;Nantes;FR;true;
SITE-0068;CLI-0068;Chantier principal;69 avenue Victor Hugo;;59000;Lille;FR;true;Site principal
SITE-0069;CLI-0069;Bureau;70 boulevard Haussmann;;67000;Strasbourg;FR;true;
SITE-0070;CLI-0070;Siège;71 rue du Commerce;;34000;Montpellier;FR;true;
SITE-0071;CLI-0071;Agence;72 place de la République;;06000;Nice;FR;true;
SITE-0072;CLI-0072;Entrepôt;73 chemin des Vignes;Étage 2;35000;Rennes;FR;true;
SITE-0073;CLI-0073;Chantier principal;74 impasse des Lilas;;51100;Reims;FR;true;
SITE-0074;CLI-0074;Bureau;75 allée des Tilleuls;;21000;Dijon;FR;true;
SITE-0075;CLI-0075;Siège;76 rue Nationale;;80000;Amiens;FR;true;
SITE-0076;CLI-0076;Agence;77 cours Mirabeau;;76000;Rouen;FR;true;
SITE-0077;CLI-0077;Entrepôt;78 rue de la Paix;;14000;Caen;FR;true;
SITE-0078;CLI-0078;Chantier principal;79 avenue Victor Hugo;;29200;Brest;FR;true;
SITE-0079;CLI-0079;Bureau;80 boulevard Haussmann;;29800;Landerneau;FR;true;
SITE-0080;CLI-0080;Siège;1 rue du Commerce;;75001;Paris;FR;true;
SITE-0081;CLI-0081;Agence;2 place de la République;Étage 2;75002;Paris;FR;true;
SITE-0082;CLI-0082;Entrepôt;3 chemin des Vignes;;69001;Lyon;FR;true;
SITE-0083;CLI-0083;Chantier principal;4 impasse des Lilas;;69003;Lyon;FR;true;
SITE-0084;CLI-0084;Bureau;5 allée des Tilleuls;;13001;Marseille;FR;true;
SITE-0085;CLI-0085;Siège;6 rue Nationale;;33000;Bordeaux;FR;true;Site principal
SITE-0086;CLI-0086;Agence;7 cours Mirabeau;;31000;Toulouse;FR;true;
SITE-0087;CLI-0087;Entrepôt;8 rue de la Paix;;44000;Nantes;FR;true;
SITE-0088;CLI-0088;Chantier principal;9 avenue Victor Hugo;;59000;Lille;FR;true;
SITE-0089;CLI-0089;Bureau;10 boulevard Haussmann;;67000;Strasbourg;FR;true;
SITE-0090;CLI-0090;Siège;11 rue du Commerce;Étage 2;34000;Montpellier;FR;true;
SITE-0091;CLI-0091;Agence;12 place de la République;;06000;Nice;FR;true;
SITE-0092;CLI-0092;Entrepôt;13 chemin des Vignes;;35000;Rennes;FR;true;
SITE-0093;CLI-0093;Chantier principal;14 impasse des Lilas;;51100;Reims;FR;true;
SITE-0094;CLI-0094;Bureau;15 allée des Tilleuls;;21000;Dijon;FR;true;
SITE-0095;CLI-0095;Siège;16 rue Nationale;;80000;Amiens;FR;true;
SITE-0096;CLI-0096;Agence;17 cours Mirabeau;;76000;Rouen;FR;true;
SITE-0097;CLI-0097;Entrepôt;18 rue de la Paix;;14000;Caen;FR;true;
SITE-0098;CLI-0098;Chantier principal;19 avenue Victor Hugo;;29200;Brest;FR;true;
SITE-0099;CLI-0099;Bureau;20 boulevard Haussmann;Étage 2;29800;Landerneau;FR;true;
SITE-0100;CLI-0100;Siège;21 rue du Commerce;;75001;Paris;FR;true;
SITE-0101;CLI-0101;Agence;22 place de la République;;75002;Paris;FR;true;
SITE-0102;CLI-0102;Entrepôt;23 chemin des Vignes;;69001;Lyon;FR;true;Site principal
SITE-0103;CLI-0103;Chantier principal;24 impasse des Lilas;;69003;Lyon;FR;true;
SITE-0104;CLI-0104;Bureau;25 allée des Tilleuls;;13001;Marseille;FR;true;
SITE-0105;CLI-0105;Siège;26 rue Nationale;;33000;Bordeaux;FR;true;
SITE-0106;CLI-0106;Agence;27 cours Mirabeau;;31000;Toulouse;FR;true;
SITE-0107;CLI-0107;Entrepôt;28 rue de la Paix;;44000;Nantes;FR;true;
SITE-0108;CLI-0108;Chantier principal;29 avenue Victor Hugo;Étage 2;59000;Lille;FR;true;
SITE-0109;CLI-0109;Bureau;30 boulevard Haussmann;;67000;Strasbourg;FR;true;
SITE-0110;CLI-0110;Siège;31 rue du Commerce;;34000;Montpellier;FR;true;
SITE-0111;CLI-0111;Agence;32 place de la République;;06000;Nice;FR;true;
SITE-0112;CLI-0112;Entrepôt;33 chemin des Vignes;;35000;Rennes;FR;true;
SITE-0113;CLI-0113;Chantier principal;34 impasse des Lilas;;51100;Reims;FR;true;
SITE-0114;CLI-0114;Bureau;35 allée des Tilleuls;;21000;Dijon;FR;true;
SITE-0115;CLI-0115;Siège;36 rue Nationale;;80000;Amiens;FR;true;
SITE-0116;CLI-0116;Agence;37 cours Mirabeau;;76000;Rouen;FR;true;
SITE-0117;CLI-0117;Entrepôt;38 rue de la Paix;Étage 2;14000;Caen;FR;true;
SITE-0118;CLI-0118;Chantier principal;39 avenue Victor Hugo;;29200;Brest;FR;true;
SITE-0119;CLI-0119;Bureau;40 boulevard Haussmann;;29800;Landerneau;FR;true;Site principal
SITE-0120;CLI-0120;Siège;41 rue du Commerce;;75001;Paris;FR;true;
SITE-0121;CLI-0121;Agence;42 place de la République;;75002;Paris;FR;true;
SITE-0122;CLI-0122;Entrepôt;43 chemin des Vignes;;69001;Lyon;FR;true;
SITE-0123;CLI-0123;Chantier principal;44 impasse des Lilas;;69003;Lyon;FR;true;
SITE-0124;CLI-0124;Bureau;45 allée des Tilleuls;;13001;Marseille;FR;true;
SITE-0125;CLI-0125;Siège;46 rue Nationale;;33000;Bordeaux;FR;true;
SITE-0126;CLI-0126;Agence;47 cours Mirabeau;Étage 2;31000;Toulouse;FR;true;
SITE-0127;CLI-0127;Entrepôt;48 rue de la Paix;;44000;Nantes;FR;true;
SITE-0128;CLI-0128;Chantier principal;49 avenue Victor Hugo;;59000;Lille;FR;true;
SITE-0129;CLI-0129;Bureau;50 boulevard Haussmann;;67000;Strasbourg;FR;true;
SITE-0130;CLI-0130;Siège;51 rue du Commerce;;34000;Montpellier;FR;true;
SITE-0131;CLI-0131;Agence;52 place de la République;;06000;Nice;FR;true;
SITE-0132;CLI-0132;Entrepôt;53 chemin des Vignes;;35000;Rennes;FR;true;
SITE-0133;CLI-0133;Chantier principal;54 impasse des Lilas;;51100;Reims;FR;true;
SITE-0134;CLI-0134;Bureau;55 allée des Tilleuls;;21000;Dijon;FR;true;
SITE-0135;CLI-0135;Siège;56 rue Nationale;Étage 2;80000;Amiens;FR;true;
SITE-0136;CLI-0136;Agence;57 cours Mirabeau;;76000;Rouen;FR;true;Site principal
SITE-0137;CLI-0137;Entrepôt;58 rue de la Paix;;14000;Caen;FR;true;
SITE-0138;CLI-0138;Chantier principal;59 avenue Victor Hugo;;29200;Brest;FR;true;
SITE-0139;CLI-0139;Bureau;60 boulevard Haussmann;;29800;Landerneau;FR;true;
SITE-0140;CLI-0140;Siège;61 rue du Commerce;;75001;Paris;FR;true;
SITE-0141;CLI-0141;Agence;62 place de la République;;75002;Paris;FR;true;
SITE-0142;CLI-0142;Entrepôt;63 chemin des Vignes;;69001;Lyon;FR;true;
SITE-0143;CLI-0143;Chantier principal;64 impasse des Lilas;;69003;Lyon;FR;true;
SITE-0144;CLI-0144;Bureau;65 allée des Tilleuls;Étage 2;13001;Marseille;FR;true;
SITE-0145;CLI-0145;Siège;66 rue Nationale;;33000;Bordeaux;FR;true;
SITE-0146;CLI-0146;Agence;67 cours Mirabeau;;31000;Toulouse;FR;true;
SITE-0147;CLI-0147;Entrepôt;68 rue de la Paix;;44000;Nantes;FR;true;
SITE-0148;CLI-0148;Chantier principal;69 avenue Victor Hugo;;59000;Lille;FR;true;
SITE-0149;CLI-0149;Bureau;70 boulevard Haussmann;;67000;Strasbourg;FR;true;
SITE-0150;CLI-0150;Siège;71 rue du Commerce;;34000;Montpellier;FR;true;
SITE-0151;CLI-0151;Agence;72 place de la République;;06000;Nice;FR;true;
SITE-0152;CLI-0152;Entrepôt;73 chemin des Vignes;;35000;Rennes;FR;true;
SITE-0153;CLI-0153;Chantier principal;74 impasse des Lilas;Étage 2;51100;Reims;FR;true;Site principal
SITE-0154;CLI-0154;Bureau;75 allée des Tilleuls;;21000;Dijon;FR;true;
SITE-0155;CLI-0155;Siège;76 rue Nationale;;80000;Amiens;FR;true;
SITE-0156;CLI-0156;Agence;77 cours Mirabeau;;76000;Rouen;FR;true;
SITE-0157;CLI-0157;Entrepôt;78 rue de la Paix;;14000;Caen;FR;true;
SITE-0158;CLI-0158;Chantier principal;79 avenue Victor Hugo;;29200;Brest;FR;true;
SITE-0159;CLI-0159;Bureau;80 boulevard Haussmann;;29800;Landerneau;FR;true;
SITE-0160;CLI-0160;Siège;1 rue du Commerce;;75001;Paris;FR;true;
SITE-0161;CLI-0161;Agence;2 place de la République;;75002;Paris;FR;true;
SITE-0162;CLI-0162;Entrepôt;3 chemin des Vignes;Étage 2;69001;Lyon;FR;true;
SITE-0163;CLI-0163;Chantier principal;4 impasse des Lilas;;69003;Lyon;FR;true;
SITE-0164;CLI-0164;Bureau;5 allée des Tilleuls;;13001;Marseille;FR;true;
SITE-0165;CLI-0165;Siège;6 rue Nationale;;33000;Bordeaux;FR;true;
SITE-0166;CLI-0166;Agence;7 cours Mirabeau;;31000;Toulouse;FR;true;
SITE-0167;CLI-0167;Entrepôt;8 rue de la Paix;;44000;Nantes;FR;true;
SITE-0168;CLI-0168;Chantier principal;9 avenue Victor Hugo;;59000;Lille;FR;true;
SITE-0169;CLI-0169;Bureau;10 boulevard Haussmann;;67000;Strasbourg;FR;true;
SITE-0170;CLI-0170;Siège;11 rue du Commerce;;34000;Montpellier;FR;true;Site principal
SITE-0171;CLI-0171;Agence;12 place de la République;Étage 2;06000;Nice;FR;true;
SITE-0172;CLI-0172;Entrepôt;13 chemin des Vignes;;35000;Rennes;FR;true;
SITE-0173;CLI-0173;Chantier principal;14 impasse des Lilas;;51100;Reims;FR;true;
SITE-0174;CLI-0174;Bureau;15 allée des Tilleuls;;21000;Dijon;FR;true;
SITE-0175;CLI-0175;Siège;16 rue Nationale;;80000;Amiens;FR;true;
SITE-0176;CLI-0176;Agence;17 cours Mirabeau;;76000;Rouen;FR;true;
SITE-0177;CLI-0177;Entrepôt;18 rue de la Paix;;14000;Caen;FR;true;
SITE-0178;CLI-0178;Chantier principal;19 avenue Victor Hugo;;29200;Brest;FR;true;
SITE-0179;CLI-0179;Bureau;20 boulevard Haussmann;;29800;Landerneau;FR;true;
SITE-0180;CLI-0180;Siège;21 rue du Commerce;Étage 2;75001;Paris;FR;true;
SITE-0181;CLI-0181;Agence;22 place de la République;;75002;Paris;FR;true;
SITE-0182;CLI-0182;Entrepôt;23 chemin des Vignes;;69001;Lyon;FR;true;
SITE-0183;CLI-0183;Chantier principal;24 impasse des Lilas;;69003;Lyon;FR;true;
SITE-0184;CLI-0184;Bureau;25 allée des Tilleuls;;13001;Marseille;FR;true;
SITE-0185;CLI-0185;Siège;26 rue Nationale;;33000;Bordeaux;FR;true;
SITE-0186;CLI-0186;Agence;27 cours Mirabeau;;31000;Toulouse;FR;true;
SITE-0187;CLI-0187;Entrepôt;28 rue de la Paix;;44000;Nantes;FR;true;Site principal
SITE-0188;CLI-0188;Chantier principal;29 avenue Victor Hugo;;59000;Lille;FR;true;
SITE-0189;CLI-0189;Bureau;30 boulevard Haussmann;Étage 2;67000;Strasbourg;FR;true;
SITE-0190;CLI-0190;Siège;31 rue du Commerce;;34000;Montpellier;FR;true;
SITE-0191;CLI-0191;Agence;32 place de la République;;06000;Nice;FR;true;
SITE-0192;CLI-0192;Entrepôt;33 chemin des Vignes;;35000;Rennes;FR;true;
SITE-0193;CLI-0193;Chantier principal;34 impasse des Lilas;;51100;Reims;FR;true;
SITE-0194;CLI-0194;Bureau;35 allée des Tilleuls;;21000;Dijon;FR;true;
SITE-0195;CLI-0195;Siège;36 rue Nationale;;80000;Amiens;FR;true;
SITE-0196;CLI-0196;Agence;37 cours Mirabeau;;76000;Rouen;FR;true;
SITE-0197;CLI-0197;Entrepôt;38 rue de la Paix;;14000;Caen;FR;true;
SITE-0198;CLI-0198;Chantier principal;39 avenue Victor Hugo;Étage 2;29200;Brest;FR;true;
SITE-0199;CLI-0199;Bureau;40 boulevard Haussmann;;29800;Landerneau;FR;true;
SITE-0200;CLI-0200;Siège;41 rue du Commerce;;75001;Paris;FR;true;
SITE-0201;CLI-0201;Agence;42 place de la République;;75002;Paris;FR;true;
SITE-0202;CLI-0202;Entrepôt;43 chemin des Vignes;;69001;Lyon;FR;true;
SITE-0203;CLI-0203;Chantier principal;44 impasse des Lilas;;69003;Lyon;FR;true;
SITE-0204;CLI-0204;Bureau;45 allée des Tilleuls;;13001;Marseille;FR;true;Site principal
SITE-0205;CLI-0205;Siège;46 rue Nationale;;33000;Bordeaux;FR;true;
SITE-0206;CLI-0206;Agence;47 cours Mirabeau;;31000;Toulouse;FR;true;
SITE-0207;CLI-0207;Entrepôt;48 rue de la Paix;Étage 2;44000;Nantes;FR;true;
SITE-0208;CLI-0208;Chantier principal;49 avenue Victor Hugo;;59000;Lille;FR;true;
SITE-0209;CLI-0209;Bureau;50 boulevard Haussmann;;67000;Strasbourg;FR;true;
SITE-0210;CLI-0210;Siège;51 rue du Commerce;;34000;Montpellier;FR;true;
SITE-0211;CLI-0211;Agence;52 place de la République;;06000;Nice;FR;true;
SITE-0212;CLI-0212;Entrepôt;53 chemin des Vignes;;35000;Rennes;FR;true;
SITE-0213;CLI-0213;Chantier principal;54 impasse des Lilas;;51100;Reims;FR;true;
SITE-0214;CLI-0214;Bureau;55 allée des Tilleuls;;21000;Dijon;FR;true;
SITE-0215;CLI-0215;Siège;56 rue Nationale;;80000;Amiens;FR;true;
SITE-0216;CLI-0216;Agence;57 cours Mirabeau;Étage 2;76000;Rouen;FR;true;
SITE-0217;CLI-0217;Entrepôt;58 rue de la Paix;;14000;Caen;FR;true;
SITE-0218;CLI-0218;Chantier principal;59 avenue Victor Hugo;;29200;Brest;FR;true;
SITE-0219;CLI-0219;Bureau;60 boulevard Haussmann;;29800;Landerneau;FR;true;
SITE-0220;CLI-0220;Siège;61 rue du Commerce;;75001;Paris;FR;true;
SITE-0221;CLI-0221;Agence;62 place de la République;;75002;Paris;FR;true;Site principal
SITE-0222;CLI-0222;Entrepôt;63 chemin des Vignes;;69001;Lyon;FR;true;
SITE-0223;CLI-0223;Chantier principal;64 impasse des Lilas;;69003;Lyon;FR;true;
SITE-0224;CLI-0224;Bureau;65 allée des Tilleuls;;13001;Marseille;FR;true;
SITE-0225;CLI-0225;Siège;66 rue Nationale;Étage 2;33000;Bordeaux;FR;true;
SITE-0226;CLI-0226;Agence;67 cours Mirabeau;;31000;Toulouse;FR;true;
SITE-0227;CLI-0227;Entrepôt;68 rue de la Paix;;44000;Nantes;FR;true;
SITE-0228;CLI-0228;Chantier principal;69 avenue Victor Hugo;;59000;Lille;FR;true;
SITE-0229;CLI-0229;Bureau;70 boulevard Haussmann;;67000;Strasbourg;FR;true;
SITE-0230;CLI-0230;Siège;71 rue du Commerce;;34000;Montpellier;FR;true;
SITE-0231;CLI-0231;Agence;72 place de la République;;06000;Nice;FR;true;
SITE-0232;CLI-0232;Entrepôt;73 chemin des Vignes;;35000;Rennes;FR;true;
SITE-0233;CLI-0233;Chantier principal;74 impasse des Lilas;;51100;Reims;FR;true;
SITE-0234;CLI-0234;Bureau;75 allée des Tilleuls;Étage 2;21000;Dijon;FR;true;
SITE-0235;CLI-0235;Siège;76 rue Nationale;;80000;Amiens;FR;true;
SITE-0236;CLI-0236;Agence;77 cours Mirabeau;;76000;Rouen;FR;true;
SITE-0237;CLI-0237;Entrepôt;78 rue de la Paix;;14000;Caen;FR;true;
SITE-0238;CLI-0238;Chantier principal;79 avenue Victor Hugo;;29200;Brest;FR;true;Site principal
SITE-0239;CLI-0239;Bureau;80 boulevard Haussmann;;29800;Landerneau;FR;true;
SITE-0240;CLI-0240;Siège;1 rue du Commerce;;75001;Paris;FR;true;
SITE-0241;CLI-0241;Agence;2 place de la République;;75002;Paris;FR;true;
SITE-0242;CLI-0242;Entrepôt;3 chemin des Vignes;;69001;Lyon;FR;true;
SITE-0243;CLI-0243;Chantier principal;4 impasse des Lilas;Étage 2;69003;Lyon;FR;true;
SITE-0244;CLI-0244;Bureau;5 allée des Tilleuls;;13001;Marseille;FR;true;
SITE-0245;CLI-0245;Siège;6 rue Nationale;;33000;Bordeaux;FR;true;
SITE-0246;CLI-0246;Agence;7 cours Mirabeau;;31000;Toulouse;FR;true;
SITE-0247;CLI-0247;Entrepôt;8 rue de la Paix;;44000;Nantes;FR;true;
SITE-0248;CLI-0248;Chantier principal;9 avenue Victor Hugo;;59000;Lille;FR;true;
SITE-0249;CLI-0249;Bureau;10 boulevard Haussmann;;67000;Strasbourg;FR;true;
SITE-0250;CLI-0250;Siège;11 rue du Commerce;;34000;Montpellier;FR;true;
SITE-0251;CLI-0251;Agence;12 place de la République;;06000;Nice;FR;true;
SITE-0252;CLI-0252;Entrepôt;13 chemin des Vignes;Étage 2;35000;Rennes;FR;true;
SITE-0253;CLI-0253;Chantier principal;14 impasse des Lilas;;51100;Reims;FR;true;
SITE-0254;CLI-0254;Bureau;15 allée des Tilleuls;;21000;Dijon;FR;true;
SITE-0255;CLI-0255;Siège;16 rue Nationale;;80000;Amiens;FR;true;Site principal
SITE-0256;CLI-0256;Agence;17 cours Mirabeau;;76000;Rouen;FR;true;
SITE-0257;CLI-0257;Entrepôt;18 rue de la Paix;;14000;Caen;FR;true;
SITE-0258;CLI-0258;Chantier principal;19 avenue Victor Hugo;;29200;Brest;FR;true;
SITE-0259;CLI-0259;Bureau;20 boulevard Haussmann;;29800;Landerneau;FR;true;
SITE-0260;CLI-0260;Siège;21 rue du Commerce;;75001;Paris;FR;true;
SITE-0261;CLI-0261;Agence;22 place de la République;Étage 2;75002;Paris;FR;true;
SITE-0262;CLI-0262;Entrepôt;23 chemin des Vignes;;69001;Lyon;FR;true;
SITE-0263;CLI-0263;Chantier principal;24 impasse des Lilas;;69003;Lyon;FR;true;
SITE-0264;CLI-0264;Bureau;25 allée des Tilleuls;;13001;Marseille;FR;true;
SITE-0265;CLI-0265;Siège;26 rue Nationale;;33000;Bordeaux;FR;true;
SITE-0266;CLI-0266;Agence;27 cours Mirabeau;;31000;Toulouse;FR;true;
SITE-0267;CLI-0267;Entrepôt;28 rue de la Paix;;44000;Nantes;FR;true;
SITE-0268;CLI-0268;Chantier principal;29 avenue Victor Hugo;;59000;Lille;FR;true;
SITE-0269;CLI-0269;Bureau;30 boulevard Haussmann;;67000;Strasbourg;FR;true;
SITE-0270;CLI-0270;Siège;31 rue du Commerce;Étage 2;34000;Montpellier;FR;true;
SITE-0271;CLI-0271;Agence;32 place de la République;;06000;Nice;FR;true;
SITE-0272;CLI-0272;Entrepôt;33 chemin des Vignes;;35000;Rennes;FR;true;Site principal
SITE-0273;CLI-0273;Chantier principal;34 impasse des Lilas;;51100;Reims;FR;true;
SITE-0274;CLI-0274;Bureau;35 allée des Tilleuls;;21000;Dijon;FR;true;
SITE-0275;CLI-0275;Siège;36 rue Nationale;;80000;Amiens;FR;true;
SITE-0276;CLI-0276;Agence;37 cours Mirabeau;;76000;Rouen;FR;true;
SITE-0277;CLI-0277;Entrepôt;38 rue de la Paix;;14000;Caen;FR;true;
SITE-0278;CLI-0278;Chantier principal;39 avenue Victor Hugo;;29200;Brest;FR;true;
SITE-0279;CLI-0279;Bureau;40 boulevard Haussmann;Étage 2;29800;Landerneau;FR;true;
SITE-0280;CLI-0280;Siège;41 rue du Commerce;;75001;Paris;FR;true;
SITE-0281;CLI-0281;Agence;42 place de la République;;75002;Paris;FR;true;
SITE-0282;CLI-0282;Entrepôt;43 chemin des Vignes;;69001;Lyon;FR;true;
SITE-0283;CLI-0283;Chantier principal;44 impasse des Lilas;;69003;Lyon;FR;true;
SITE-0284;CLI-0284;Bureau;45 allée des Tilleuls;;13001;Marseille;FR;true;
SITE-0285;CLI-0285;Siège;46 rue Nationale;;33000;Bordeaux;FR;true;
SITE-0286;CLI-0286;Agence;47 cours Mirabeau;;31000;Toulouse;FR;true;
SITE-0287;CLI-0287;Entrepôt;48 rue de la Paix;;44000;Nantes;FR;true;
SITE-0288;CLI-0288;Chantier principal;49 avenue Victor Hugo;Étage 2;59000;Lille;FR;true;
SITE-0289;CLI-0289;Bureau;50 boulevard Haussmann;;67000;Strasbourg;FR;true;Site principal
SITE-0290;CLI-0290;Siège;51 rue du Commerce;;34000;Montpellier;FR;true;
SITE-0291;CLI-0291;Agence;52 place de la République;;06000;Nice;FR;true;
SITE-0292;CLI-0292;Entrepôt;53 chemin des Vignes;;35000;Rennes;FR;true;
SITE-0293;CLI-0293;Chantier principal;54 impasse des Lilas;;51100;Reims;FR;true;
SITE-0294;CLI-0294;Bureau;55 allée des Tilleuls;;21000;Dijon;FR;true;
SITE-0295;CLI-0295;Siège;56 rue Nationale;;80000;Amiens;FR;true;
SITE-0296;CLI-0296;Agence;57 cours Mirabeau;;76000;Rouen;FR;true;
SITE-0297;CLI-0297;Entrepôt;58 rue de la Paix;Étage 2;14000;Caen;FR;true;
SITE-0298;CLI-0298;Chantier principal;59 avenue Victor Hugo;;29200;Brest;FR;true;
SITE-0299;CLI-0299;Bureau;60 boulevard Haussmann;;29800;Landerneau;FR;true;
SITE-0300;CLI-0300;Siège;61 rue du Commerce;;75001;Paris;FR;true;
SITE-0301;CLI-0301;Agence;62 place de la République;;75002;Paris;FR;true;
SITE-0302;CLI-0302;Entrepôt;63 chemin des Vignes;;69001;Lyon;FR;true;
SITE-0303;CLI-0303;Chantier principal;64 impasse des Lilas;;69003;Lyon;FR;true;
SITE-0304;CLI-0304;Bureau;65 allée des Tilleuls;;13001;Marseille;FR;true;
SITE-0305;CLI-0305;Siège;66 rue Nationale;;33000;Bordeaux;FR;true;
SITE-0306;CLI-0306;Agence;67 cours Mirabeau;Étage 2;31000;Toulouse;FR;true;Site principal
SITE-0307;CLI-0307;Entrepôt;68 rue de la Paix;;44000;Nantes;FR;true;
SITE-0308;CLI-0308;Chantier principal;69 avenue Victor Hugo;;59000;Lille;FR;true;
SITE-0309;CLI-0309;Bureau;70 boulevard Haussmann;;67000;Strasbourg;FR;true;
SITE-0310;CLI-0310;Siège;71 rue du Commerce;;34000;Montpellier;FR;true;
SITE-0311;CLI-0311;Agence;72 place de la République;;06000;Nice;FR;true;
SITE-0312;CLI-0312;Entrepôt;73 chemin des Vignes;;35000;Rennes;FR;true;
SITE-0313;CLI-0313;Chantier principal;74 impasse des Lilas;;51100;Reims;FR;true;
SITE-0314;CLI-0314;Bureau;75 allée des Tilleuls;;21000;Dijon;FR;true;
SITE-0315;CLI-0315;Siège;76 rue Nationale;Étage 2;80000;Amiens;FR;true;
SITE-0316;CLI-0316;Agence;77 cours Mirabeau;;76000;Rouen;FR;true;
SITE-0317;CLI-0317;Entrepôt;78 rue de la Paix;;14000;Caen;FR;true;
SITE-0318;CLI-0318;Chantier principal;79 avenue Victor Hugo;;29200;Brest;FR;true;
SITE-0319;CLI-0319;Bureau;80 boulevard Haussmann;;29800;Landerneau;FR;true;
SITE-0320;CLI-0320;Siège;1 rue du Commerce;;75001;Paris;FR;true;
SITE-0321;CLI-0321;Agence;2 place de la République;;75002;Paris;FR;true;
SITE-0322;CLI-0322;Entrepôt;3 chemin des Vignes;;69001;Lyon;FR;true;
SITE-0323;CLI-0323;Chantier principal;4 impasse des Lilas;;69003;Lyon;FR;true;Site principal
SITE-0324;CLI-0324;Bureau;5 allée des Tilleuls;Étage 2;13001;Marseille;FR;true;
SITE-0325;CLI-0325;Siège;6 rue Nationale;;33000;Bordeaux;FR;true;
SITE-0326;CLI-0326;Agence;7 cours Mirabeau;;31000;Toulouse;FR;true;
SITE-0327;CLI-0327;Entrepôt;8 rue de la Paix;;44000;Nantes;FR;true;
SITE-0328;CLI-0328;Chantier principal;9 avenue Victor Hugo;;59000;Lille;FR;true;
SITE-0329;CLI-0329;Bureau;10 boulevard Haussmann;;67000;Strasbourg;FR;true;
SITE-0330;CLI-0330;Siège;11 rue du Commerce;;34000;Montpellier;FR;true;
SITE-0331;CLI-0331;Agence;12 place de la République;;06000;Nice;FR;true;
SITE-0332;CLI-0332;Entrepôt;13 chemin des Vignes;;35000;Rennes;FR;true;
SITE-0333;CLI-0333;Chantier principal;14 impasse des Lilas;Étage 2;51100;Reims;FR;true;
SITE-0334;CLI-0334;Bureau;15 allée des Tilleuls;;21000;Dijon;FR;true;
SITE-0335;CLI-0335;Siège;16 rue Nationale;;80000;Amiens;FR;true;
SITE-0336;CLI-0336;Agence;17 cours Mirabeau;;76000;Rouen;FR;true;
SITE-0337;CLI-0337;Entrepôt;18 rue de la Paix;;14000;Caen;FR;true;
SITE-0338;CLI-0338;Chantier principal;19 avenue Victor Hugo;;29200;Brest;FR;true;
SITE-0339;CLI-0339;Bureau;20 boulevard Haussmann;;29800;Landerneau;FR;true;
SITE-0340;CLI-0340;Siège;21 rue du Commerce;;75001;Paris;FR;true;Site principal
SITE-0341;CLI-0341;Agence;22 place de la République;;75002;Paris;FR;true;
SITE-0342;CLI-0342;Entrepôt;23 chemin des Vignes;Étage 2;69001;Lyon;FR;true;
SITE-0343;CLI-0343;Chantier principal;24 impasse des Lilas;;69003;Lyon;FR;true;
SITE-0344;CLI-0344;Bureau;25 allée des Tilleuls;;13001;Marseille;FR;true;
SITE-0345;CLI-0345;Siège;26 rue Nationale;;33000;Bordeaux;FR;true;
SITE-0346;CLI-0346;Agence;27 cours Mirabeau;;31000;Toulouse;FR;true;
SITE-0347;CLI-0347;Entrepôt;28 rue de la Paix;;44000;Nantes;FR;true;
SITE-0348;CLI-0348;Chantier principal;29 avenue Victor Hugo;;59000;Lille;FR;true;
SITE-0349;CLI-0349;Bureau;30 boulevard Haussmann;;67000;Strasbourg;FR;true;
SITE-0350;CLI-0350;Siège;31 rue du Commerce;;34000;Montpellier;FR;true;
SITE-0351;CLI-0351;Agence;32 place de la République;Étage 2;06000;Nice;FR;true;
SITE-0352;CLI-0352;Entrepôt;33 chemin des Vignes;;35000;Rennes;FR;true;
SITE-0353;CLI-0353;Chantier principal;34 impasse des Lilas;;51100;Reims;FR;true;
SITE-0354;CLI-0354;Bureau;35 allée des Tilleuls;;21000;Dijon;FR;true;
SITE-0355;CLI-0355;Siège;36 rue Nationale;;80000;Amiens;FR;true;
SITE-0356;CLI-0356;Agence;37 cours Mirabeau;;76000;Rouen;FR;true;
SITE-0357;CLI-0357;Entrepôt;38 rue de la Paix;;14000;Caen;FR;true;Site principal
SITE-0358;CLI-0358;Chantier principal;39 avenue Victor Hugo;;29200;Brest;FR;true;
SITE-0359;CLI-0359;Bureau;40 boulevard Haussmann;;29800;Landerneau;FR;true;
SITE-0360;CLI-0360;Siège;41 rue du Commerce;Étage 2;75001;Paris;FR;true;
SITE-0361;CLI-0361;Agence;42 place de la République;;75002;Paris;FR;true;
SITE-0362;CLI-0362;Entrepôt;43 chemin des Vignes;;69001;Lyon;FR;true;
SITE-0363;CLI-0363;Chantier principal;44 impasse des Lilas;;69003;Lyon;FR;true;
SITE-0364;CLI-0364;Bureau;45 allée des Tilleuls;;13001;Marseille;FR;true;
SITE-0365;CLI-0365;Siège;46 rue Nationale;;33000;Bordeaux;FR;true;
SITE-0366;CLI-0366;Agence;47 cours Mirabeau;;31000;Toulouse;FR;true;
SITE-0367;CLI-0367;Entrepôt;48 rue de la Paix;;44000;Nantes;FR;true;
SITE-0368;CLI-0368;Chantier principal;49 avenue Victor Hugo;;59000;Lille;FR;true;
SITE-0369;CLI-0369;Bureau;50 boulevard Haussmann;Étage 2;67000;Strasbourg;FR;true;
SITE-0370;CLI-0370;Siège;51 rue du Commerce;;34000;Montpellier;FR;true;
SITE-0371;CLI-0371;Agence;52 place de la République;;06000;Nice;FR;true;
SITE-0372;CLI-0372;Entrepôt;53 chemin des Vignes;;35000;Rennes;FR;true;
SITE-0373;CLI-0373;Chantier principal;54 impasse des Lilas;;51100;Reims;FR;true;
SITE-0374;CLI-0374;Bureau;55 allée des Tilleuls;;21000;Dijon;FR;true;Site principal
SITE-0375;CLI-0375;Siège;56 rue Nationale;;80000;Amiens;FR;true;
SITE-0376;CLI-0376;Agence;57 cours Mirabeau;;76000;Rouen;FR;true;
SITE-0377;CLI-0377;Entrepôt;58 rue de la Paix;;14000;Caen;FR;true;
SITE-0378;CLI-0378;Chantier principal;59 avenue Victor Hugo;Étage 2;29200;Brest;FR;true;
SITE-0379;CLI-0379;Bureau;60 boulevard Haussmann;;29800;Landerneau;FR;true;
SITE-0380;CLI-0380;Siège;61 rue du Commerce;;75001;Paris;FR;true;
SITE-0381;CLI-0381;Agence;62 place de la République;;75002;Paris;FR;true;
SITE-0382;CLI-0382;Entrepôt;63 chemin des Vignes;;69001;Lyon;FR;true;
SITE-0383;CLI-0383;Chantier principal;64 impasse des Lilas;;69003;Lyon;FR;true;
SITE-0384;CLI-0384;Bureau;65 allée des Tilleuls;;13001;Marseille;FR;true;
SITE-0385;CLI-0385;Siège;66 rue Nationale;;33000;Bordeaux;FR;true;
SITE-0386;CLI-0386;Agence;67 cours Mirabeau;;31000;Toulouse;FR;true;
SITE-0387;CLI-0387;Entrepôt;68 rue de la Paix;Étage 2;44000;Nantes;FR;true;
SITE-0388;CLI-0388;Chantier principal;69 avenue Victor Hugo;;59000;Lille;FR;true;
SITE-0389;CLI-0389;Bureau;70 boulevard Haussmann;;67000;Strasbourg;FR;true;
SITE-0390;CLI-0390;Siège;71 rue du Commerce;;34000;Montpellier;FR;true;
SITE-0391;CLI-0391;Agence;72 place de la République;;06000;Nice;FR;true;Site principal
SITE-0392;CLI-0392;Entrepôt;73 chemin des Vignes;;35000;Rennes;FR;true;
SITE-0393;CLI-0393;Chantier principal;74 impasse des Lilas;;51100;Reims;FR;true;
SITE-0394;CLI-0394;Bureau;75 allée des Tilleuls;;21000;Dijon;FR;true;
SITE-0395;CLI-0395;Siège;76 rue Nationale;;80000;Amiens;FR;true;
SITE-0396;CLI-0396;Agence;77 cours Mirabeau;Étage 2;76000;Rouen;FR;true;
SITE-0397;CLI-0397;Entrepôt;78 rue de la Paix;;14000;Caen;FR;true;
SITE-0398;CLI-0398;Chantier principal;79 avenue Victor Hugo;;29200;Brest;FR;true;
SITE-0399;CLI-0399;Bureau;80 boulevard Haussmann;;29800;Landerneau;FR;true;
SITE-0400;CLI-0400;Siège;1 rue du Commerce;;75001;Paris;FR;true;
SITE-0401;CLI-0401;Agence;2 place de la République;;75002;Paris;FR;true;
SITE-0402;CLI-0402;Entrepôt;3 chemin des Vignes;;69001;Lyon;FR;true;
SITE-0403;CLI-0403;Chantier principal;4 impasse des Lilas;;69003;Lyon;FR;true;
SITE-0404;CLI-0404;Bureau;5 allée des Tilleuls;;13001;Marseille;FR;true;
SITE-0405;CLI-0405;Siège;6 rue Nationale;Étage 2;33000;Bordeaux;FR;true;
SITE-0406;CLI-0406;Agence;7 cours Mirabeau;;31000;Toulouse;FR;true;
SITE-0407;CLI-0407;Entrepôt;8 rue de la Paix;;44000;Nantes;FR;true;
SITE-0408;CLI-0408;Chantier principal;9 avenue Victor Hugo;;59000;Lille;FR;true;Site principal
SITE-0409;CLI-0409;Bureau;10 boulevard Haussmann;;67000;Strasbourg;FR;true;
SITE-0410;CLI-0410;Siège;11 rue du Commerce;;34000;Montpellier;FR;true;
SITE-0411;CLI-0411;Agence;12 place de la République;;06000;Nice;FR;true;
SITE-0412;CLI-0412;Entrepôt;13 chemin des Vignes;;35000;Rennes;FR;true;
SITE-0413;CLI-0413;Chantier principal;14 impasse des Lilas;;51100;Reims;FR;true;
SITE-0414;CLI-0414;Bureau;15 allée des Tilleuls;Étage 2;21000;Dijon;FR;true;
SITE-0415;CLI-0415;Siège;16 rue Nationale;;80000;Amiens;FR;true;
SITE-0416;CLI-0416;Agence;17 cours Mirabeau;;76000;Rouen;FR;true;
SITE-0417;CLI-0417;Entrepôt;18 rue de la Paix;;14000;Caen;FR;true;
SITE-0418;CLI-0418;Chantier principal;19 avenue Victor Hugo;;29200;Brest;FR;true;
SITE-0419;CLI-0419;Bureau;20 boulevard Haussmann;;29800;Landerneau;FR;true;
SITE-0420;CLI-0420;Siège;21 rue du Commerce;;75001;Paris;FR;true;
SITE-0421;CLI-0421;Agence;22 place de la République;;75002;Paris;FR;true;
SITE-0422;CLI-0422;Entrepôt;23 chemin des Vignes;;69001;Lyon;FR;true;
SITE-0423;CLI-0423;Chantier principal;24 impasse des Lilas;Étage 2;69003;Lyon;FR;true;
SITE-0424;CLI-0424;Bureau;25 allée des Tilleuls;;13001;Marseille;FR;true;
SITE-0425;CLI-0425;Siège;26 rue Nationale;;33000;Bordeaux;FR;true;Site principal
SITE-0426;CLI-0426;Agence;27 cours Mirabeau;;31000;Toulouse;FR;true;
SITE-0427;CLI-0427;Entrepôt;28 rue de la Paix;;44000;Nantes;FR;true;
SITE-0428;CLI-0428;Chantier principal;29 avenue Victor Hugo;;59000;Lille;FR;true;
SITE-0429;CLI-0429;Bureau;30 boulevard Haussmann;;67000;Strasbourg;FR;true;
SITE-0430;CLI-0430;Siège;31 rue du Commerce;;34000;Montpellier;FR;true;
SITE-0431;CLI-0431;Agence;32 place de la République;;06000;Nice;FR;true;
SITE-0432;CLI-0432;Entrepôt;33 chemin des Vignes;Étage 2;35000;Rennes;FR;true;
SITE-0433;CLI-0433;Chantier principal;34 impasse des Lilas;;51100;Reims;FR;true;
SITE-0434;CLI-0434;Bureau;35 allée des Tilleuls;;21000;Dijon;FR;true;
SITE-0435;CLI-0435;Siège;36 rue Nationale;;80000;Amiens;FR;true;
SITE-0436;CLI-0436;Agence;37 cours Mirabeau;;76000;Rouen;FR;true;
SITE-0437;CLI-0437;Entrepôt;38 rue de la Paix;;14000;Caen;FR;true;
SITE-0438;CLI-0438;Chantier principal;39 avenue Victor Hugo;;29200;Brest;FR;true;
SITE-0439;CLI-0439;Bureau;40 boulevard Haussmann;;29800;Landerneau;FR;true;
SITE-0440;CLI-0440;Siège;41 rue du Commerce;;75001;Paris;FR;true;
SITE-0441;CLI-0441;Agence;42 place de la République;Étage 2;75002;Paris;FR;true;
SITE-0442;CLI-0442;Entrepôt;43 chemin des Vignes;;69001;Lyon;FR;true;Site principal
SITE-0443;CLI-0443;Chantier principal;44 impasse des Lilas;;69003;Lyon;FR;true;
SITE-0444;CLI-0444;Bureau;45 allée des Tilleuls;;13001;Marseille;FR;true;
SITE-0445;CLI-0445;Siège;46 rue Nationale;;33000;Bordeaux;FR;true;
SITE-0446;CLI-0446;Agence;47 cours Mirabeau;;31000;Toulouse;FR;true;
SITE-0447;CLI-0447;Entrepôt;48 rue de la Paix;;44000;Nantes;FR;true;
SITE-0448;CLI-0448;Chantier principal;49 avenue Victor Hugo;;59000;Lille;FR;true;
SITE-0449;CLI-0449;Bureau;50 boulevard Haussmann;;67000;Strasbourg;FR;true;
SITE-0450;CLI-0450;Siège;51 rue du Commerce;Étage 2;34000;Montpellier;FR;true;
SITE-0451;CLI-0451;Agence;52 place de la République;;06000;Nice;FR;true;
SITE-0452;CLI-0452;Entrepôt;53 chemin des Vignes;;35000;Rennes;FR;true;
SITE-0453;CLI-0453;Chantier principal;54 impasse des Lilas;;51100;Reims;FR;true;
SITE-0454;CLI-0454;Bureau;55 allée des Tilleuls;;21000;Dijon;FR;true;
SITE-0455;CLI-0455;Siège;56 rue Nationale;;80000;Amiens;FR;true;
SITE-0456;CLI-0456;Agence;57 cours Mirabeau;;76000;Rouen;FR;true;
SITE-0457;CLI-0457;Entrepôt;58 rue de la Paix;;14000;Caen;FR;true;
SITE-0458;CLI-0458;Chantier principal;59 avenue Victor Hugo;;29200;Brest;FR;true;
SITE-0459;CLI-0459;Bureau;60 boulevard Haussmann;Étage 2;29800;Landerneau;FR;true;Site principal
SITE-0460;CLI-0460;Siège;61 rue du Commerce;;75001;Paris;FR;true;
SITE-0461;CLI-0461;Agence;62 place de la République;;75002;Paris;FR;true;
SITE-0462;CLI-0462;Entrepôt;63 chemin des Vignes;;69001;Lyon;FR;true;
SITE-0463;CLI-0463;Chantier principal;64 impasse des Lilas;;69003;Lyon;FR;true;
SITE-0464;CLI-0464;Bureau;65 allée des Tilleuls;;13001;Marseille;FR;true;
SITE-0465;CLI-0465;Siège;66 rue Nationale;;33000;Bordeaux;FR;true;
SITE-0466;CLI-0466;Agence;67 cours Mirabeau;;31000;Toulouse;FR;true;
SITE-0467;CLI-0467;Entrepôt;68 rue de la Paix;;44000;Nantes;FR;true;
SITE-0468;CLI-0468;Chantier principal;69 avenue Victor Hugo;Étage 2;59000;Lille;FR;true;
SITE-0469;CLI-0469;Bureau;70 boulevard Haussmann;;67000;Strasbourg;FR;true;
SITE-0470;CLI-0470;Siège;71 rue du Commerce;;34000;Montpellier;FR;true;
SITE-0471;CLI-0471;Agence;72 place de la République;;06000;Nice;FR;true;
SITE-0472;CLI-0472;Entrepôt;73 chemin des Vignes;;35000;Rennes;FR;true;
SITE-0473;CLI-0473;Chantier principal;74 impasse des Lilas;;51100;Reims;FR;true;
SITE-0474;CLI-0474;Bureau;75 allée des Tilleuls;;21000;Dijon;FR;true;
SITE-0475;CLI-0475;Siège;76 rue Nationale;;80000;Amiens;FR;true;
SITE-0476;CLI-0476;Agence;77 cours Mirabeau;;76000;Rouen;FR;true;Site principal
SITE-0477;CLI-0477;Entrepôt;78 rue de la Paix;Étage 2;14000;Caen;FR;true;
SITE-0478;CLI-0478;Chantier principal;79 avenue Victor Hugo;;29200;Brest;FR;true;
SITE-0479;CLI-0479;Bureau;80 boulevard Haussmann;;29800;Landerneau;FR;true;
SITE-0480;CLI-0480;Siège;1 rue du Commerce;;75001;Paris;FR;true;
SITE-0481;CLI-0481;Agence;2 place de la République;;75002;Paris;FR;true;
SITE-0482;CLI-0482;Entrepôt;3 chemin des Vignes;;69001;Lyon;FR;true;
SITE-0483;CLI-0483;Chantier principal;4 impasse des Lilas;;69003;Lyon;FR;true;
SITE-0484;CLI-0484;Bureau;5 allée des Tilleuls;;13001;Marseille;FR;true;
SITE-0485;CLI-0485;Siège;6 rue Nationale;;33000;Bordeaux;FR;true;
SITE-0486;CLI-0486;Agence;7 cours Mirabeau;Étage 2;31000;Toulouse;FR;true;
SITE-0487;CLI-0487;Entrepôt;8 rue de la Paix;;44000;Nantes;FR;true;
SITE-0488;CLI-0488;Chantier principal;9 avenue Victor Hugo;;59000;Lille;FR;true;
SITE-0489;CLI-0489;Bureau;10 boulevard Haussmann;;67000;Strasbourg;FR;true;
SITE-0490;CLI-0490;Siège;11 rue du Commerce;;34000;Montpellier;FR;true;
SITE-0491;CLI-0491;Agence;12 place de la République;;06000;Nice;FR;true;
SITE-0492;CLI-0492;Entrepôt;13 chemin des Vignes;;35000;Rennes;FR;true;
SITE-0493;CLI-0493;Chantier principal;14 impasse des Lilas;;51100;Reims;FR;true;Site principal
SITE-0494;CLI-0494;Bureau;15 allée des Tilleuls;;21000;Dijon;FR;true;
SITE-0495;CLI-0495;Siège;16 rue Nationale;Étage 2;80000;Amiens;FR;true;
SITE-0496;CLI-0496;Agence;17 cours Mirabeau;;76000;Rouen;FR;true;
SITE-0497;CLI-0497;Entrepôt;18 rue de la Paix;;14000;Caen;FR;true;
SITE-0498;CLI-0498;Chantier principal;19 avenue Victor Hugo;;29200;Brest;FR;true;
SITE-0499;CLI-0499;Bureau;20 boulevard Haussmann;;29800;Landerneau;FR;true;
SITE-0500;CLI-0500;Siège;21 rue du Commerce;;75001;Paris;FR;true;
SITE-0501;CLI-0501;Agence;22 place de la République;;75002;Paris;FR;true;
SITE-0502;CLI-0502;Entrepôt;23 chemin des Vignes;;69001;Lyon;FR;true;
SITE-0503;CLI-0503;Chantier principal;24 impasse des Lilas;;69003;Lyon;FR;true;
SITE-0504;CLI-0504;Bureau;25 allée des Tilleuls;Étage 2;13001;Marseille;FR;true;
SITE-0505;CLI-0505;Siège;26 rue Nationale;;33000;Bordeaux;FR;true;
SITE-0506;CLI-0506;Agence;27 cours Mirabeau;;31000;Toulouse;FR;true;
SITE-0507;CLI-0507;Entrepôt;28 rue de la Paix;;44000;Nantes;FR;true;
SITE-0508;CLI-0508;Chantier principal;29 avenue Victor Hugo;;59000;Lille;FR;true;
SITE-0509;CLI-0509;Bureau;30 boulevard Haussmann;;67000;Strasbourg;FR;true;
SITE-0510;CLI-0510;Siège;31 rue du Commerce;;34000;Montpellier;FR;true;Site principal
SITE-0511;CLI-0511;Agence;32 place de la République;;06000;Nice;FR;true;
SITE-0512;CLI-0512;Entrepôt;33 chemin des Vignes;;35000;Rennes;FR;true;
SITE-0513;CLI-0513;Chantier principal;34 impasse des Lilas;Étage 2;51100;Reims;FR;true;
SITE-0514;CLI-0514;Bureau;35 allée des Tilleuls;;21000;Dijon;FR;true;
SITE-0515;CLI-0515;Siège;36 rue Nationale;;80000;Amiens;FR;true;
SITE-0516;CLI-0516;Agence;37 cours Mirabeau;;76000;Rouen;FR;true;
SITE-0517;CLI-0517;Entrepôt;38 rue de la Paix;;14000;Caen;FR;true;
SITE-0518;CLI-0518;Chantier principal;39 avenue Victor Hugo;;29200;Brest;FR;true;
SITE-0519;CLI-0519;Bureau;40 boulevard Haussmann;;29800;Landerneau;FR;true;
SITE-0520;CLI-0520;Siège;41 rue du Commerce;;75001;Paris;FR;true;
SITE-0521;CLI-0521;Agence;42 place de la République;;75002;Paris;FR;true;
SITE-0522;CLI-0522;Entrepôt;43 chemin des Vignes;Étage 2;69001;Lyon;FR;true;
SITE-0523;CLI-0523;Chantier principal;44 impasse des Lilas;;69003;Lyon;FR;true;
SITE-0524;CLI-0524;Bureau;45 allée des Tilleuls;;13001;Marseille;FR;true;
SITE-0525;CLI-0525;Siège;46 rue Nationale;;33000;Bordeaux;FR;true;
SITE-0526;CLI-0526;Agence;47 cours Mirabeau;;31000;Toulouse;FR;true;
SITE-0527;CLI-0527;Entrepôt;48 rue de la Paix;;44000;Nantes;FR;true;Site principal
SITE-0528;CLI-0528;Chantier principal;49 avenue Victor Hugo;;59000;Lille;FR;true;
SITE-0529;CLI-0529;Bureau;50 boulevard Haussmann;;67000;Strasbourg;FR;true;
SITE-0530;CLI-0530;Siège;51 rue du Commerce;;34000;Montpellier;FR;true;
SITE-0531;CLI-0531;Agence;52 place de la République;Étage 2;06000;Nice;FR;true;
SITE-0532;CLI-0532;Entrepôt;53 chemin des Vignes;;35000;Rennes;FR;true;
SITE-0533;CLI-0533;Chantier principal;54 impasse des Lilas;;51100;Reims;FR;true;
SITE-0534;CLI-0534;Bureau;55 allée des Tilleuls;;21000;Dijon;FR;true;
SITE-0535;CLI-0535;Siège;56 rue Nationale;;80000;Amiens;FR;true;
SITE-0536;CLI-0536;Agence;57 cours Mirabeau;;76000;Rouen;FR;true;
SITE-0537;CLI-0537;Entrepôt;58 rue de la Paix;;14000;Caen;FR;true;
SITE-0538;CLI-0538;Chantier principal;59 avenue Victor Hugo;;29200;Brest;FR;true;
SITE-0539;CLI-0539;Bureau;60 boulevard Haussmann;;29800;Landerneau;FR;true;
SITE-0540;CLI-0540;Siège;61 rue du Commerce;Étage 2;75001;Paris;FR;true;
SITE-0541;CLI-0541;Agence;62 place de la République;;75002;Paris;FR;true;
SITE-0542;CLI-0542;Entrepôt;63 chemin des Vignes;;69001;Lyon;FR;true;
SITE-0543;CLI-0543;Chantier principal;64 impasse des Lilas;;69003;Lyon;FR;true;
SITE-0544;CLI-0544;Bureau;65 allée des Tilleuls;;13001;Marseille;FR;true;Site principal
SITE-0545;CLI-0545;Siège;66 rue Nationale;;33000;Bordeaux;FR;true;
SITE-0546;CLI-0546;Agence;67 cours Mirabeau;;31000;Toulouse;FR;true;
SITE-0547;CLI-0547;Entrepôt;68 rue de la Paix;;44000;Nantes;FR;true;
SITE-0548;CLI-0548;Chantier principal;69 avenue Victor Hugo;;59000;Lille;FR;true;
SITE-0549;CLI-0549;Bureau;70 boulevard Haussmann;Étage 2;67000;Strasbourg;FR;true;
SITE-0550;CLI-0550;Siège;71 rue du Commerce;;34000;Montpellier;FR;true;
SITE-0551;CLI-0551;Agence;72 place de la République;;06000;Nice;FR;true;
SITE-0552;CLI-0552;Entrepôt;73 chemin des Vignes;;35000;Rennes;FR;true;
SITE-0553;CLI-0553;Chantier principal;74 impasse des Lilas;;51100;Reims;FR;true;
SITE-0554;CLI-0554;Bureau;75 allée des Tilleuls;;21000;Dijon;FR;true;
SITE-0555;CLI-0555;Siège;76 rue Nationale;;80000;Amiens;FR;true;
SITE-0556;CLI-0556;Agence;77 cours Mirabeau;;76000;Rouen;FR;true;
SITE-0557;CLI-0557;Entrepôt;78 rue de la Paix;;14000;Caen;FR;true;
SITE-0558;CLI-0558;Chantier principal;79 avenue Victor Hugo;Étage 2;29200;Brest;FR;true;
SITE-0559;CLI-0559;Bureau;80 boulevard Haussmann;;29800;Landerneau;FR;true;
SITE-0560;CLI-0560;Siège;1 rue du Commerce;;75001;Paris;FR;true;
SITE-0561;CLI-0561;Agence;2 place de la République;;75002;Paris;FR;true;Site principal
SITE-0562;CLI-0562;Entrepôt;3 chemin des Vignes;;69001;Lyon;FR;true;
SITE-0563;CLI-0563;Chantier principal;4 impasse des Lilas;;69003;Lyon;FR;true;
SITE-0564;CLI-0564;Bureau;5 allée des Tilleuls;;13001;Marseille;FR;true;
SITE-0565;CLI-0565;Siège;6 rue Nationale;;33000;Bordeaux;FR;true;
SITE-0566;CLI-0566;Agence;7 cours Mirabeau;;31000;Toulouse;FR;true;
SITE-0567;CLI-0567;Entrepôt;8 rue de la Paix;Étage 2;44000;Nantes;FR;true;
SITE-0568;CLI-0568;Chantier principal;9 avenue Victor Hugo;;59000;Lille;FR;true;
SITE-0569;CLI-0569;Bureau;10 boulevard Haussmann;;67000;Strasbourg;FR;true;
SITE-0570;CLI-0570;Siège;11 rue du Commerce;;34000;Montpellier;FR;true;
SITE-0571;CLI-0571;Agence;12 place de la République;;06000;Nice;FR;true;
SITE-0572;CLI-0572;Entrepôt;13 chemin des Vignes;;35000;Rennes;FR;true;
SITE-0573;CLI-0573;Chantier principal;14 impasse des Lilas;;51100;Reims;FR;true;
SITE-0574;CLI-0574;Bureau;15 allée des Tilleuls;;21000;Dijon;FR;true;
SITE-0575;CLI-0575;Siège;16 rue Nationale;;80000;Amiens;FR;true;
SITE-0576;CLI-0576;Agence;17 cours Mirabeau;Étage 2;76000;Rouen;FR;true;
SITE-0577;CLI-0577;Entrepôt;18 rue de la Paix;;14000;Caen;FR;true;
SITE-0578;CLI-0578;Chantier principal;19 avenue Victor Hugo;;29200;Brest;FR;true;Site principal
SITE-0579;CLI-0579;Bureau;20 boulevard Haussmann;;29800;Landerneau;FR;true;
SITE-0580;CLI-0580;Siège;21 rue du Commerce;;75001;Paris;FR;true;
SITE-0581;CLI-0581;Agence;22 place de la République;;75002;Paris;FR;true;
SITE-0582;CLI-0582;Entrepôt;23 chemin des Vignes;;69001;Lyon;FR;true;
SITE-0583;CLI-0583;Chantier principal;24 impasse des Lilas;;69003;Lyon;FR;true;
SITE-0584;CLI-0584;Bureau;25 allée des Tilleuls;;13001;Marseille;FR;true;
SITE-0585;CLI-0585;Siège;26 rue Nationale;Étage 2;33000;Bordeaux;FR;true;
SITE-0586;CLI-0586;Agence;27 cours Mirabeau;;31000;Toulouse;FR;true;
SITE-0587;CLI-0587;Entrepôt;28 rue de la Paix;;44000;Nantes;FR;true;
SITE-0588;CLI-0588;Chantier principal;29 avenue Victor Hugo;;59000;Lille;FR;true;
SITE-0589;CLI-0589;Bureau;30 boulevard Haussmann;;67000;Strasbourg;FR;true;
SITE-0590;CLI-0590;Siège;31 rue du Commerce;;34000;Montpellier;FR;true;
SITE-0591;CLI-0591;Agence;32 place de la République;;06000;Nice;FR;true;
SITE-0592;CLI-0592;Entrepôt;33 chemin des Vignes;;35000;Rennes;FR;true;
SITE-0593;CLI-0593;Chantier principal;34 impasse des Lilas;;51100;Reims;FR;true;
SITE-0594;CLI-0594;Bureau;35 allée des Tilleuls;Étage 2;21000;Dijon;FR;true;
SITE-0595;CLI-0595;Siège;36 rue Nationale;;80000;Amiens;FR;true;Site principal
SITE-0596;CLI-0596;Agence;37 cours Mirabeau;;76000;Rouen;FR;true;
SITE-0597;CLI-0597;Entrepôt;38 rue de la Paix;;14000;Caen;FR;true;
SITE-0598;CLI-0598;Chantier principal;39 avenue Victor Hugo;;29200;Brest;FR;true;
SITE-0599;CLI-0599;Bureau;40 boulevard Haussmann;;29800;Landerneau;FR;true;
SITE-0600;CLI-0600;Siège;41 rue du Commerce;;75001;Paris;FR;true;
SITE-0601;CLI-0601;Agence;42 place de la République;;75002;Paris;FR;true;
SITE-0602;CLI-0602;Entrepôt;43 chemin des Vignes;;69001;Lyon;FR;true;
SITE-0603;CLI-0603;Chantier principal;44 impasse des Lilas;Étage 2;69003;Lyon;FR;true;
SITE-0604;CLI-0604;Bureau;45 allée des Tilleuls;;13001;Marseille;FR;true;
SITE-0605;CLI-0605;Siège;46 rue Nationale;;33000;Bordeaux;FR;true;
SITE-0606;CLI-0606;Agence;47 cours Mirabeau;;31000;Toulouse;FR;true;
SITE-0607;CLI-0607;Entrepôt;48 rue de la Paix;;44000;Nantes;FR;true;
SITE-0608;CLI-0608;Chantier principal;49 avenue Victor Hugo;;59000;Lille;FR;true;
SITE-0609;CLI-0609;Bureau;50 boulevard Haussmann;;67000;Strasbourg;FR;true;
SITE-0610;CLI-0610;Siège;51 rue du Commerce;;34000;Montpellier;FR;true;
SITE-0611;CLI-0611;Agence;52 place de la République;;06000;Nice;FR;true;
SITE-0612;CLI-0612;Entrepôt;53 chemin des Vignes;Étage 2;35000;Rennes;FR;true;Site principal
SITE-0613;CLI-0613;Chantier principal;54 impasse des Lilas;;51100;Reims;FR;true;
SITE-0614;CLI-0614;Bureau;55 allée des Tilleuls;;21000;Dijon;FR;true;
SITE-0615;CLI-0615;Siège;56 rue Nationale;;80000;Amiens;FR;true;
SITE-0616;CLI-0616;Agence;57 cours Mirabeau;;76000;Rouen;FR;true;
SITE-0617;CLI-0617;Entrepôt;58 rue de la Paix;;14000;Caen;FR;true;
SITE-0618;CLI-0618;Chantier principal;59 avenue Victor Hugo;;29200;Brest;FR;true;
SITE-0619;CLI-0619;Bureau;60 boulevard Haussmann;;29800;Landerneau;FR;true;
SITE-0620;CLI-0620;Siège;61 rue du Commerce;;75001;Paris;FR;true;
SITE-0621;CLI-0621;Agence;62 place de la République;Étage 2;75002;Paris;FR;true;
SITE-0622;CLI-0622;Entrepôt;63 chemin des Vignes;;69001;Lyon;FR;true;
SITE-0623;CLI-0623;Chantier principal;64 impasse des Lilas;;69003;Lyon;FR;true;
SITE-0624;CLI-0624;Bureau;65 allée des Tilleuls;;13001;Marseille;FR;true;
SITE-0625;CLI-0625;Siège;66 rue Nationale;;33000;Bordeaux;FR;true;
SITE-0626;CLI-0626;Agence;67 cours Mirabeau;;31000;Toulouse;FR;true;
SITE-0627;CLI-0627;Entrepôt;68 rue de la Paix;;44000;Nantes;FR;true;
SITE-0628;CLI-0628;Chantier principal;69 avenue Victor Hugo;;59000;Lille;FR;true;
SITE-0629;CLI-0629;Bureau;70 boulevard Haussmann;;67000;Strasbourg;FR;true;Site principal
SITE-0630;CLI-0630;Siège;71 rue du Commerce;Étage 2;34000;Montpellier;FR;true;
SITE-0631;CLI-0631;Agence;72 place de la République;;06000;Nice;FR;true;
SITE-0632;CLI-0632;Entrepôt;73 chemin des Vignes;;35000;Rennes;FR;true;
SITE-0633;CLI-0633;Chantier principal;74 impasse des Lilas;;51100;Reims;FR;true;
SITE-0634;CLI-0634;Bureau;75 allée des Tilleuls;;21000;Dijon;FR;true;
SITE-0635;CLI-0635;Siège;76 rue Nationale;;80000;Amiens;FR;true;
SITE-0636;CLI-0636;Agence;77 cours Mirabeau;;76000;Rouen;FR;true;
SITE-0637;CLI-0637;Entrepôt;78 rue de la Paix;;14000;Caen;FR;true;
SITE-0638;CLI-0638;Chantier principal;79 avenue Victor Hugo;;29200;Brest;FR;true;
SITE-0639;CLI-0639;Bureau;80 boulevard Haussmann;Étage 2;29800;Landerneau;FR;true;
SITE-0640;CLI-0640;Siège;1 rue du Commerce;;75001;Paris;FR;true;
SITE-0641;CLI-0641;Agence;2 place de la République;;75002;Paris;FR;true;
SITE-0642;CLI-0642;Entrepôt;3 chemin des Vignes;;69001;Lyon;FR;true;
SITE-0643;CLI-0643;Chantier principal;4 impasse des Lilas;;69003;Lyon;FR;true;
SITE-0644;CLI-0644;Bureau;5 allée des Tilleuls;;13001;Marseille;FR;true;
SITE-0645;CLI-0645;Siège;6 rue Nationale;;33000;Bordeaux;FR;true;
SITE-0646;CLI-0646;Agence;7 cours Mirabeau;;31000;Toulouse;FR;true;Site principal
SITE-0647;CLI-0647;Entrepôt;8 rue de la Paix;;44000;Nantes;FR;true;
SITE-0648;CLI-0648;Chantier principal;9 avenue Victor Hugo;Étage 2;59000;Lille;FR;true;
SITE-0649;CLI-0649;Bureau;10 boulevard Haussmann;;67000;Strasbourg;FR;true;
SITE-0650;CLI-0650;Siège;11 rue du Commerce;;34000;Montpellier;FR;true;
SITE-0651;CLI-0651;Agence;12 place de la République;;06000;Nice;FR;true;
SITE-0652;CLI-0652;Entrepôt;13 chemin des Vignes;;35000;Rennes;FR;true;
SITE-0653;CLI-0653;Chantier principal;14 impasse des Lilas;;51100;Reims;FR;true;
SITE-0654;CLI-0654;Bureau;15 allée des Tilleuls;;21000;Dijon;FR;true;
SITE-0655;CLI-0655;Siège;16 rue Nationale;;80000;Amiens;FR;true;
SITE-0656;CLI-0656;Agence;17 cours Mirabeau;;76000;Rouen;FR;true;
SITE-0657;CLI-0657;Entrepôt;18 rue de la Paix;Étage 2;14000;Caen;FR;true;
SITE-0658;CLI-0658;Chantier principal;19 avenue Victor Hugo;;29200;Brest;FR;true;
SITE-0659;CLI-0659;Bureau;20 boulevard Haussmann;;29800;Landerneau;FR;true;
SITE-0660;CLI-0660;Siège;21 rue du Commerce;;75001;Paris;FR;true;
SITE-0661;CLI-0661;Agence;22 place de la République;;75002;Paris;FR;true;
SITE-0662;CLI-0662;Entrepôt;23 chemin des Vignes;;69001;Lyon;FR;true;
SITE-0663;CLI-0663;Chantier principal;24 impasse des Lilas;;69003;Lyon;FR;true;Site principal
SITE-0664;CLI-0664;Bureau;25 allée des Tilleuls;;13001;Marseille;FR;true;
SITE-0665;CLI-0665;Siège;26 rue Nationale;;33000;Bordeaux;FR;true;
SITE-0666;CLI-0666;Agence;27 cours Mirabeau;Étage 2;31000;Toulouse;FR;true;
SITE-0667;CLI-0667;Entrepôt;28 rue de la Paix;;44000;Nantes;FR;true;
SITE-0668;CLI-0668;Chantier principal;29 avenue Victor Hugo;;59000;Lille;FR;true;
SITE-0669;CLI-0669;Bureau;30 boulevard Haussmann;;67000;Strasbourg;FR;true;
SITE-0670;CLI-0670;Siège;31 rue du Commerce;;34000;Montpellier;FR;true;
SITE-0671;CLI-0671;Agence;32 place de la République;;06000;Nice;FR;true;
SITE-0672;CLI-0672;Entrepôt;33 chemin des Vignes;;35000;Rennes;FR;true;
SITE-0673;CLI-0673;Chantier principal;34 impasse des Lilas;;51100;Reims;FR;true;
SITE-0674;CLI-0674;Bureau;35 allée des Tilleuls;;21000;Dijon;FR;true;
SITE-0675;CLI-0675;Siège;36 rue Nationale;Étage 2;80000;Amiens;FR;true;
SITE-0676;CLI-0676;Agence;37 cours Mirabeau;;76000;Rouen;FR;true;
SITE-0677;CLI-0677;Entrepôt;38 rue de la Paix;;14000;Caen;FR;true;
SITE-0678;CLI-0678;Chantier principal;39 avenue Victor Hugo;;29200;Brest;FR;true;
SITE-0679;CLI-0679;Bureau;40 boulevard Haussmann;;29800;Landerneau;FR;true;
SITE-0680;CLI-0680;Siège;41 rue du Commerce;;75001;Paris;FR;true;Site principal
SITE-0681;CLI-0681;Agence;42 place de la République;;75002;Paris;FR;true;
SITE-0682;CLI-0682;Entrepôt;43 chemin des Vignes;;69001;Lyon;FR;true;
SITE-0683;CLI-0683;Chantier principal;44 impasse des Lilas;;69003;Lyon;FR;true;
SITE-0684;CLI-0684;Bureau;45 allée des Tilleuls;Étage 2;13001;Marseille;FR;true;
SITE-0685;CLI-0685;Siège;46 rue Nationale;;33000;Bordeaux;FR;true;
SITE-0686;CLI-0686;Agence;47 cours Mirabeau;;31000;Toulouse;FR;true;
SITE-0687;CLI-0687;Entrepôt;48 rue de la Paix;;44000;Nantes;FR;true;
SITE-0688;CLI-0688;Chantier principal;49 avenue Victor Hugo;;59000;Lille;FR;true;
SITE-0689;CLI-0689;Bureau;50 boulevard Haussmann;;67000;Strasbourg;FR;true;
SITE-0690;CLI-0690;Siège;51 rue du Commerce;;34000;Montpellier;FR;true;
SITE-0691;CLI-0691;Agence;52 place de la République;;06000;Nice;FR;true;
SITE-0692;CLI-0692;Entrepôt;53 chemin des Vignes;;35000;Rennes;FR;true;
SITE-0693;CLI-0693;Chantier principal;54 impasse des Lilas;Étage 2;51100;Reims;FR;true;
SITE-0694;CLI-0694;Bureau;55 allée des Tilleuls;;21000;Dijon;FR;true;
SITE-0695;CLI-0695;Siège;56 rue Nationale;;80000;Amiens;FR;true;
SITE-0696;CLI-0696;Agence;57 cours Mirabeau;;76000;Rouen;FR;true;
SITE-0697;CLI-0697;Entrepôt;58 rue de la Paix;;14000;Caen;FR;true;Site principal
SITE-0698;CLI-0698;Chantier principal;59 avenue Victor Hugo;;29200;Brest;FR;true;
SITE-0699;CLI-0699;Bureau;60 boulevard Haussmann;;29800;Landerneau;FR;true;
SITE-0700;CLI-0700;Siège;61 rue du Commerce;;75001;Paris;FR;true;
SITE-0701;CLI-0701;Agence;62 place de la République;;75002;Paris;FR;true;
SITE-0702;CLI-0702;Entrepôt;63 chemin des Vignes;Étage 2;69001;Lyon;FR;true;
SITE-0703;CLI-0703;Chantier principal;64 impasse des Lilas;;69003;Lyon;FR;true;
SITE-0704;CLI-0704;Bureau;65 allée des Tilleuls;;13001;Marseille;FR;true;
SITE-0705;CLI-0705;Siège;66 rue Nationale;;33000;Bordeaux;FR;true;
SITE-0706;CLI-0706;Agence;67 cours Mirabeau;;31000;Toulouse;FR;true;
SITE-0707;CLI-0707;Entrepôt;68 rue de la Paix;;44000;Nantes;FR;true;
SITE-0708;CLI-0708;Chantier principal;69 avenue Victor Hugo;;59000;Lille;FR;true;
SITE-0709;CLI-0709;Bureau;70 boulevard Haussmann;;67000;Strasbourg;FR;true;
SITE-0710;CLI-0710;Siège;71 rue du Commerce;;34000;Montpellier;FR;true;
SITE-0711;CLI-0711;Agence;72 place de la République;Étage 2;06000;Nice;FR;true;
SITE-0712;CLI-0712;Entrepôt;73 chemin des Vignes;;35000;Rennes;FR;true;
SITE-0713;CLI-0713;Chantier principal;74 impasse des Lilas;;51100;Reims;FR;true;
SITE-0714;CLI-0714;Bureau;75 allée des Tilleuls;;21000;Dijon;FR;true;Site principal
SITE-0715;CLI-0715;Siège;76 rue Nationale;;80000;Amiens;FR;true;
SITE-0716;CLI-0716;Agence;77 cours Mirabeau;;76000;Rouen;FR;true;
SITE-0717;CLI-0717;Entrepôt;78 rue de la Paix;;14000;Caen;FR;true;
SITE-0718;CLI-0718;Chantier principal;79 avenue Victor Hugo;;29200;Brest;FR;true;
SITE-0719;CLI-0719;Bureau;80 boulevard Haussmann;;29800;Landerneau;FR;true;
SITE-0720;CLI-0720;Siège;1 rue du Commerce;Étage 2;75001;Paris;FR;true;
SITE-0721;CLI-0721;Agence;2 place de la République;;75002;Paris;FR;true;
SITE-0722;CLI-0722;Entrepôt;3 chemin des Vignes;;69001;Lyon;FR;true;
SITE-0723;CLI-0723;Chantier principal;4 impasse des Lilas;;69003;Lyon;FR;true;
SITE-0724;CLI-0724;Bureau;5 allée des Tilleuls;;13001;Marseille;FR;true;
SITE-0725;CLI-0725;Siège;6 rue Nationale;;33000;Bordeaux;FR;true;
SITE-0726;CLI-0726;Agence;7 cours Mirabeau;;31000;Toulouse;FR;true;
SITE-0727;CLI-0727;Entrepôt;8 rue de la Paix;;44000;Nantes;FR;true;
SITE-0728;CLI-0728;Chantier principal;9 avenue Victor Hugo;;59000;Lille;FR;true;
SITE-0729;CLI-0729;Bureau;10 boulevard Haussmann;Étage 2;67000;Strasbourg;FR;true;
SITE-0730;CLI-0730;Siège;11 rue du Commerce;;34000;Montpellier;FR;true;
SITE-0731;CLI-0731;Agence;12 place de la République;;06000;Nice;FR;true;Site principal
SITE-0732;CLI-0732;Entrepôt;13 chemin des Vignes;;35000;Rennes;FR;true;
SITE-0733;CLI-0733;Chantier principal;14 impasse des Lilas;;51100;Reims;FR;true;
SITE-0734;CLI-0734;Bureau;15 allée des Tilleuls;;21000;Dijon;FR;true;
SITE-0735;CLI-0735;Siège;16 rue Nationale;;80000;Amiens;FR;true;
SITE-0736;CLI-0736;Agence;17 cours Mirabeau;;76000;Rouen;FR;true;
SITE-0737;CLI-0737;Entrepôt;18 rue de la Paix;;14000;Caen;FR;true;
SITE-0738;CLI-0738;Chantier principal;19 avenue Victor Hugo;Étage 2;29200;Brest;FR;true;
SITE-0739;CLI-0739;Bureau;20 boulevard Haussmann;;29800;Landerneau;FR;true;
SITE-0740;CLI-0740;Siège;21 rue du Commerce;;75001;Paris;FR;true;
SITE-0741;CLI-0741;Agence;22 place de la République;;75002;Paris;FR;true;
SITE-0742;CLI-0742;Entrepôt;23 chemin des Vignes;;69001;Lyon;FR;true;
SITE-0743;CLI-0743;Chantier principal;24 impasse des Lilas;;69003;Lyon;FR;true;
SITE-0744;CLI-0744;Bureau;25 allée des Tilleuls;;13001;Marseille;FR;true;
SITE-0745;CLI-0745;Siège;26 rue Nationale;;33000;Bordeaux;FR;true;
SITE-0746;CLI-0746;Agence;27 cours Mirabeau;;31000;Toulouse;FR;true;
SITE-0747;CLI-0747;Entrepôt;28 rue de la Paix;Étage 2;44000;Nantes;FR;true;
SITE-0748;CLI-0748;Chantier principal;29 avenue Victor Hugo;;59000;Lille;FR;true;Site principal
SITE-0749;CLI-0749;Bureau;30 boulevard Haussmann;;67000;Strasbourg;FR;true;
SITE-0750;CLI-0750;Siège;31 rue du Commerce;;34000;Montpellier;FR;true;
SITE-0751;CLI-0751;Agence;32 place de la République;;06000;Nice;FR;true;
SITE-0752;CLI-0752;Entrepôt;33 chemin des Vignes;;35000;Rennes;FR;true;
SITE-0753;CLI-0753;Chantier principal;34 impasse des Lilas;;51100;Reims;FR;true;
SITE-0754;CLI-0754;Bureau;35 allée des Tilleuls;;21000;Dijon;FR;true;
SITE-0755;CLI-0755;Siège;36 rue Nationale;;80000;Amiens;FR;true;
SITE-0756;CLI-0756;Agence;37 cours Mirabeau;Étage 2;76000;Rouen;FR;true;
SITE-0757;CLI-0757;Entrepôt;38 rue de la Paix;;14000;Caen;FR;true;
SITE-0758;CLI-0758;Chantier principal;39 avenue Victor Hugo;;29200;Brest;FR;true;
SITE-0759;CLI-0759;Bureau;40 boulevard Haussmann;;29800;Landerneau;FR;true;
SITE-0760;CLI-0760;Siège;41 rue du Commerce;;75001;Paris;FR;true;
SITE-0761;CLI-0761;Agence;42 place de la République;;75002;Paris;FR;true;
SITE-0762;CLI-0762;Entrepôt;43 chemin des Vignes;;69001;Lyon;FR;true;
SITE-0763;CLI-0763;Chantier principal;44 impasse des Lilas;;69003;Lyon;FR;true;
SITE-0764;CLI-0764;Bureau;45 allée des Tilleuls;;13001;Marseille;FR;true;
SITE-0765;CLI-0765;Siège;46 rue Nationale;Étage 2;33000;Bordeaux;FR;true;Site principal
SITE-0766;CLI-0766;Agence;47 cours Mirabeau;;31000;Toulouse;FR;true;
SITE-0767;CLI-0767;Entrepôt;48 rue de la Paix;;44000;Nantes;FR;true;
SITE-0768;CLI-0768;Chantier principal;49 avenue Victor Hugo;;59000;Lille;FR;true;
SITE-0769;CLI-0769;Bureau;50 boulevard Haussmann;;67000;Strasbourg;FR;true;
SITE-0770;CLI-0770;Siège;51 rue du Commerce;;34000;Montpellier;FR;true;
SITE-0771;CLI-0771;Agence;52 place de la République;;06000;Nice;FR;true;
SITE-0772;CLI-0772;Entrepôt;53 chemin des Vignes;;35000;Rennes;FR;true;
SITE-0773;CLI-0773;Chantier principal;54 impasse des Lilas;;51100;Reims;FR;true;
SITE-0774;CLI-0774;Bureau;55 allée des Tilleuls;Étage 2;21000;Dijon;FR;true;
SITE-0775;CLI-0775;Siège;56 rue Nationale;;80000;Amiens;FR;true;
SITE-0776;CLI-0776;Agence;57 cours Mirabeau;;76000;Rouen;FR;true;
SITE-0777;CLI-0777;Entrepôt;58 rue de la Paix;;14000;Caen;FR;true;
SITE-0778;CLI-0778;Chantier principal;59 avenue Victor Hugo;;29200;Brest;FR;true;
SITE-0779;CLI-0779;Bureau;60 boulevard Haussmann;;29800;Landerneau;FR;true;
SITE-0780;CLI-0780;Siège;61 rue du Commerce;;75001;Paris;FR;true;
SITE-0781;CLI-0781;Agence;62 place de la République;;75002;Paris;FR;true;
SITE-0782;CLI-0782;Entrepôt;63 chemin des Vignes;;69001;Lyon;FR;true;Site principal
SITE-0783;CLI-0783;Chantier principal;64 impasse des Lilas;Étage 2;69003;Lyon;FR;true;
SITE-0784;CLI-0784;Bureau;65 allée des Tilleuls;;13001;Marseille;FR;true;
SITE-0785;CLI-0785;Siège;66 rue Nationale;;33000;Bordeaux;FR;true;
SITE-0786;CLI-0786;Agence;67 cours Mirabeau;;31000;Toulouse;FR;true;
SITE-0787;CLI-0787;Entrepôt;68 rue de la Paix;;44000;Nantes;FR;true;
SITE-0788;CLI-0788;Chantier principal;69 avenue Victor Hugo;;59000;Lille;FR;true;
SITE-0789;CLI-0789;Bureau;70 boulevard Haussmann;;67000;Strasbourg;FR;true;
SITE-0790;CLI-0790;Siège;71 rue du Commerce;;34000;Montpellier;FR;true;
SITE-0791;CLI-0791;Agence;72 place de la République;;06000;Nice;FR;true;
SITE-0792;CLI-0792;Entrepôt;73 chemin des Vignes;Étage 2;35000;Rennes;FR;true;
SITE-0793;CLI-0793;Chantier principal;74 impasse des Lilas;;51100;Reims;FR;true;
SITE-0794;CLI-0794;Bureau;75 allée des Tilleuls;;21000;Dijon;FR;true;
SITE-0795;CLI-0795;Siège;76 rue Nationale;;80000;Amiens;FR;true;
SITE-0796;CLI-0796;Agence;77 cours Mirabeau;;76000;Rouen;FR;true;
SITE-0797;CLI-0797;Entrepôt;78 rue de la Paix;;14000;Caen;FR;true;
SITE-0798;CLI-0798;Chantier principal;79 avenue Victor Hugo;;29200;Brest;FR;true;
SITE-0799;CLI-0799;Bureau;80 boulevard Haussmann;;29800;Landerneau;FR;true;Site principal
SITE-0800;CLI-0800;Siège;1 rue du Commerce;;75001;Paris;FR;true;
SITE-0801;CLI-0801;Agence;2 place de la République;Étage 2;75002;Paris;FR;true;
SITE-0802;CLI-0802;Entrepôt;3 chemin des Vignes;;69001;Lyon;FR;true;
SITE-0803;CLI-0803;Chantier principal;4 impasse des Lilas;;69003;Lyon;FR;true;
SITE-0804;CLI-0804;Bureau;5 allée des Tilleuls;;13001;Marseille;FR;true;
SITE-0805;CLI-0805;Siège;6 rue Nationale;;33000;Bordeaux;FR;true;
SITE-0806;CLI-0806;Agence;7 cours Mirabeau;;31000;Toulouse;FR;true;
SITE-0807;CLI-0807;Entrepôt;8 rue de la Paix;;44000;Nantes;FR;true;
SITE-0808;CLI-0808;Chantier principal;9 avenue Victor Hugo;;59000;Lille;FR;true;
SITE-0809;CLI-0809;Bureau;10 boulevard Haussmann;;67000;Strasbourg;FR;true;
SITE-0810;CLI-0810;Siège;11 rue du Commerce;Étage 2;34000;Montpellier;FR;true;
SITE-0811;CLI-0811;Agence;12 place de la République;;06000;Nice;FR;true;
SITE-0812;CLI-0812;Entrepôt;13 chemin des Vignes;;35000;Rennes;FR;true;
SITE-0813;CLI-0813;Chantier principal;14 impasse des Lilas;;51100;Reims;FR;true;
SITE-0814;CLI-0814;Bureau;15 allée des Tilleuls;;21000;Dijon;FR;true;
SITE-0815;CLI-0815;Siège;16 rue Nationale;;80000;Amiens;FR;true;
SITE-0816;CLI-0816;Agence;17 cours Mirabeau;;76000;Rouen;FR;true;Site principal
SITE-0817;CLI-0817;Entrepôt;18 rue de la Paix;;14000;Caen;FR;true;
SITE-0818;CLI-0818;Chantier principal;19 avenue Victor Hugo;;29200;Brest;FR;true;
SITE-0819;CLI-0819;Bureau;20 boulevard Haussmann;Étage 2;29800;Landerneau;FR;true;
SITE-0820;CLI-0820;Siège;21 rue du Commerce;;75001;Paris;FR;true;
SITE-0821;CLI-0821;Agence;22 place de la République;;75002;Paris;FR;true;
SITE-0822;CLI-0822;Entrepôt;23 chemin des Vignes;;69001;Lyon;FR;true;
SITE-0823;CLI-0823;Chantier principal;24 impasse des Lilas;;69003;Lyon;FR;true;
SITE-0824;CLI-0824;Bureau;25 allée des Tilleuls;;13001;Marseille;FR;true;
SITE-0825;CLI-0825;Siège;26 rue Nationale;;33000;Bordeaux;FR;true;
SITE-0826;CLI-0826;Agence;27 cours Mirabeau;;31000;Toulouse;FR;true;
SITE-0827;CLI-0827;Entrepôt;28 rue de la Paix;;44000;Nantes;FR;true;
SITE-0828;CLI-0828;Chantier principal;29 avenue Victor Hugo;Étage 2;59000;Lille;FR;true;
SITE-0829;CLI-0829;Bureau;30 boulevard Haussmann;;67000;Strasbourg;FR;true;
SITE-0830;CLI-0830;Siège;31 rue du Commerce;;34000;Montpellier;FR;true;
SITE-0831;CLI-0831;Agence;32 place de la République;;06000;Nice;FR;true;
SITE-0832;CLI-0832;Entrepôt;33 chemin des Vignes;;35000;Rennes;FR;true;
SITE-0833;CLI-0833;Chantier principal;34 impasse des Lilas;;51100;Reims;FR;true;Site principal
SITE-0834;CLI-0834;Bureau;35 allée des Tilleuls;;21000;Dijon;FR;true;
SITE-0835;CLI-0835;Siège;36 rue Nationale;;80000;Amiens;FR;true;
SITE-0836;CLI-0836;Agence;37 cours Mirabeau;;76000;Rouen;FR;true;
SITE-0837;CLI-0837;Entrepôt;38 rue de la Paix;Étage 2;14000;Caen;FR;true;
SITE-0838;CLI-0838;Chantier principal;39 avenue Victor Hugo;;29200;Brest;FR;true;
SITE-0839;CLI-0839;Bureau;40 boulevard Haussmann;;29800;Landerneau;FR;true;
SITE-0840;CLI-0840;Siège;41 rue du Commerce;;75001;Paris;FR;true;
SITE-0841;CLI-0841;Agence;42 place de la République;;75002;Paris;FR;true;
SITE-0842;CLI-0842;Entrepôt;43 chemin des Vignes;;69001;Lyon;FR;true;
SITE-0843;CLI-0843;Chantier principal;44 impasse des Lilas;;69003;Lyon;FR;true;
SITE-0844;CLI-0844;Bureau;45 allée des Tilleuls;;13001;Marseille;FR;true;
SITE-0845;CLI-0845;Siège;46 rue Nationale;;33000;Bordeaux;FR;true;
SITE-0846;CLI-0846;Agence;47 cours Mirabeau;Étage 2;31000;Toulouse;FR;true;
SITE-0847;CLI-0847;Entrepôt;48 rue de la Paix;;44000;Nantes;FR;true;
SITE-0848;CLI-0848;Chantier principal;49 avenue Victor Hugo;;59000;Lille;FR;true;
SITE-0849;CLI-0849;Bureau;50 boulevard Haussmann;;67000;Strasbourg;FR;true;
SITE-0850;CLI-0850;Siège;51 rue du Commerce;;34000;Montpellier;FR;true;Site principal
SITE-0851;CLI-0851;Agence;52 place de la République;;06000;Nice;FR;true;
SITE-0852;CLI-0852;Entrepôt;53 chemin des Vignes;;35000;Rennes;FR;true;
SITE-0853;CLI-0853;Chantier principal;54 impasse des Lilas;;51100;Reims;FR;true;
SITE-0854;CLI-0854;Bureau;55 allée des Tilleuls;;21000;Dijon;FR;true;
SITE-0855;CLI-0855;Siège;56 rue Nationale;Étage 2;80000;Amiens;FR;true;
SITE-0856;CLI-0856;Agence;57 cours Mirabeau;;76000;Rouen;FR;true;
SITE-0857;CLI-0857;Entrepôt;58 rue de la Paix;;14000;Caen;FR;true;
SITE-0858;CLI-0858;Chantier principal;59 avenue Victor Hugo;;29200;Brest;FR;true;
SITE-0859;CLI-0859;Bureau;60 boulevard Haussmann;;29800;Landerneau;FR;true;
SITE-0860;CLI-0860;Siège;61 rue du Commerce;;75001;Paris;FR;true;
SITE-0861;CLI-0861;Agence;62 place de la République;;75002;Paris;FR;true;
SITE-0862;CLI-0862;Entrepôt;63 chemin des Vignes;;69001;Lyon;FR;true;
SITE-0863;CLI-0863;Chantier principal;64 impasse des Lilas;;69003;Lyon;FR;true;
SITE-0864;CLI-0864;Bureau;65 allée des Tilleuls;Étage 2;13001;Marseille;FR;true;
SITE-0865;CLI-0865;Siège;66 rue Nationale;;33000;Bordeaux;FR;true;
SITE-0866;CLI-0866;Agence;67 cours Mirabeau;;31000;Toulouse;FR;true;
SITE-0867;CLI-0867;Entrepôt;68 rue de la Paix;;44000;Nantes;FR;true;Site principal
SITE-0868;CLI-0868;Chantier principal;69 avenue Victor Hugo;;59000;Lille;FR;true;
SITE-0869;CLI-0869;Bureau;70 boulevard Haussmann;;67000;Strasbourg;FR;true;
SITE-0870;CLI-0870;Siège;71 rue du Commerce;;34000;Montpellier;FR;true;
SITE-0871;CLI-0871;Agence;72 place de la République;;06000;Nice;FR;true;
SITE-0872;CLI-0872;Entrepôt;73 chemin des Vignes;;35000;Rennes;FR;true;
SITE-0873;CLI-0873;Chantier principal;74 impasse des Lilas;Étage 2;51100;Reims;FR;true;
SITE-0874;CLI-0874;Bureau;75 allée des Tilleuls;;21000;Dijon;FR;true;
SITE-0875;CLI-0875;Siège;76 rue Nationale;;80000;Amiens;FR;true;
SITE-0876;CLI-0876;Agence;77 cours Mirabeau;;76000;Rouen;FR;true;
SITE-0877;CLI-0877;Entrepôt;78 rue de la Paix;;14000;Caen;FR;true;
SITE-0878;CLI-0878;Chantier principal;79 avenue Victor Hugo;;29200;Brest;FR;true;
SITE-0879;CLI-0879;Bureau;80 boulevard Haussmann;;29800;Landerneau;FR;true;
SITE-0880;CLI-0880;Siège;1 rue du Commerce;;75001;Paris;FR;true;
SITE-0881;CLI-0881;Agence;2 place de la République;;75002;Paris;FR;true;
SITE-0882;CLI-0882;Entrepôt;3 chemin des Vignes;Étage 2;69001;Lyon;FR;true;
SITE-0883;CLI-0883;Chantier principal;4 impasse des Lilas;;69003;Lyon;FR;true;
SITE-0884;CLI-0884;Bureau;5 allée des Tilleuls;;13001;Marseille;FR;true;Site principal
SITE-0885;CLI-0885;Siège;6 rue Nationale;;33000;Bordeaux;FR;true;
SITE-0886;CLI-0886;Agence;7 cours Mirabeau;;31000;Toulouse;FR;true;
SITE-0887;CLI-0887;Entrepôt;8 rue de la Paix;;44000;Nantes;FR;true;
SITE-0888;CLI-0888;Chantier principal;9 avenue Victor Hugo;;59000;Lille;FR;true;
SITE-0889;CLI-0889;Bureau;10 boulevard Haussmann;;67000;Strasbourg;FR;true;
SITE-0890;CLI-0890;Siège;11 rue du Commerce;;34000;Montpellier;FR;true;
SITE-0891;CLI-0891;Agence;12 place de la République;Étage 2;06000;Nice;FR;true;
SITE-0892;CLI-0892;Entrepôt;13 chemin des Vignes;;35000;Rennes;FR;true;
SITE-0893;CLI-0893;Chantier principal;14 impasse des Lilas;;51100;Reims;FR;true;
SITE-0894;CLI-0894;Bureau;15 allée des Tilleuls;;21000;Dijon;FR;true;
SITE-0895;CLI-0895;Siège;16 rue Nationale;;80000;Amiens;FR;true;
SITE-0896;CLI-0896;Agence;17 cours Mirabeau;;76000;Rouen;FR;true;
SITE-0897;CLI-0897;Entrepôt;18 rue de la Paix;;14000;Caen;FR;true;
SITE-0898;CLI-0898;Chantier principal;19 avenue Victor Hugo;;29200;Brest;FR;true;
SITE-0899;CLI-0899;Bureau;20 boulevard Haussmann;;29800;Landerneau;FR;true;
SITE-0900;CLI-0900;Siège;21 rue du Commerce;Étage 2;75001;Paris;FR;true;
SITE-0901;CLI-0901;Agence;22 place de la République;;75002;Paris;FR;true;Site principal
SITE-0902;CLI-0902;Entrepôt;23 chemin des Vignes;;69001;Lyon;FR;true;
SITE-0903;CLI-0903;Chantier principal;24 impasse des Lilas;;69003;Lyon;FR;true;
SITE-0904;CLI-0904;Bureau;25 allée des Tilleuls;;13001;Marseille;FR;true;
SITE-0905;CLI-0905;Siège;26 rue Nationale;;33000;Bordeaux;FR;true;
SITE-0906;CLI-0906;Agence;27 cours Mirabeau;;31000;Toulouse;FR;true;
SITE-0907;CLI-0907;Entrepôt;28 rue de la Paix;;44000;Nantes;FR;true;
SITE-0908;CLI-0908;Chantier principal;29 avenue Victor Hugo;;59000;Lille;FR;true;
SITE-0909;CLI-0909;Bureau;30 boulevard Haussmann;Étage 2;67000;Strasbourg;FR;true;
SITE-0910;CLI-0910;Siège;31 rue du Commerce;;34000;Montpellier;FR;true;
SITE-0911;CLI-0911;Agence;32 place de la République;;06000;Nice;FR;true;
SITE-0912;CLI-0912;Entrepôt;33 chemin des Vignes;;35000;Rennes;FR;true;
SITE-0913;CLI-0913;Chantier principal;34 impasse des Lilas;;51100;Reims;FR;true;
SITE-0914;CLI-0914;Bureau;35 allée des Tilleuls;;21000;Dijon;FR;true;
SITE-0915;CLI-0915;Siège;36 rue Nationale;;80000;Amiens;FR;true;
SITE-0916;CLI-0916;Agence;37 cours Mirabeau;;76000;Rouen;FR;true;
SITE-0917;CLI-0917;Entrepôt;38 rue de la Paix;;14000;Caen;FR;true;
SITE-0918;CLI-0918;Chantier principal;39 avenue Victor Hugo;Étage 2;29200;Brest;FR;true;Site principal
SITE-0919;CLI-0919;Bureau;40 boulevard Haussmann;;29800;Landerneau;FR;true;
SITE-0920;CLI-0920;Siège;41 rue du Commerce;;75001;Paris;FR;true;
SITE-0921;CLI-0921;Agence;42 place de la République;;75002;Paris;FR;true;
SITE-0922;CLI-0922;Entrepôt;43 chemin des Vignes;;69001;Lyon;FR;true;
SITE-0923;CLI-0923;Chantier principal;44 impasse des Lilas;;69003;Lyon;FR;true;
SITE-0924;CLI-0924;Bureau;45 allée des Tilleuls;;13001;Marseille;FR;true;
SITE-0925;CLI-0925;Siège;46 rue Nationale;;33000;Bordeaux;FR;true;
SITE-0926;CLI-0926;Agence;47 cours Mirabeau;;31000;Toulouse;FR;true;
SITE-0927;CLI-0927;Entrepôt;48 rue de la Paix;Étage 2;44000;Nantes;FR;true;
SITE-0928;CLI-0928;Chantier principal;49 avenue Victor Hugo;;59000;Lille;FR;true;
SITE-0929;CLI-0929;Bureau;50 boulevard Haussmann;;67000;Strasbourg;FR;true;
SITE-0930;CLI-0930;Siège;51 rue du Commerce;;34000;Montpellier;FR;true;
SITE-0931;CLI-0931;Agence;52 place de la République;;06000;Nice;FR;true;
SITE-0932;CLI-0932;Entrepôt;53 chemin des Vignes;;35000;Rennes;FR;true;
SITE-0933;CLI-0933;Chantier principal;54 impasse des Lilas;;51100;Reims;FR;true;
SITE-0934;CLI-0934;Bureau;55 allée des Tilleuls;;21000;Dijon;FR;true;
SITE-0935;CLI-0935;Siège;56 rue Nationale;;80000;Amiens;FR;true;Site principal
SITE-0936;CLI-0936;Agence;57 cours Mirabeau;Étage 2;76000;Rouen;FR;true;
SITE-0937;CLI-0937;Entrepôt;58 rue de la Paix;;14000;Caen;FR;true;
SITE-0938;CLI-0938;Chantier principal;59 avenue Victor Hugo;;29200;Brest;FR;true;
SITE-0939;CLI-0939;Bureau;60 boulevard Haussmann;;29800;Landerneau;FR;true;
SITE-0940;CLI-0940;Siège;61 rue du Commerce;;75001;Paris;FR;true;
SITE-0941;CLI-0941;Agence;62 place de la République;;75002;Paris;FR;true;
SITE-0942;CLI-0942;Entrepôt;63 chemin des Vignes;;69001;Lyon;FR;true;
SITE-0943;CLI-0943;Chantier principal;64 impasse des Lilas;;69003;Lyon;FR;true;
SITE-0944;CLI-0944;Bureau;65 allée des Tilleuls;;13001;Marseille;FR;true;
SITE-0945;CLI-0945;Siège;66 rue Nationale;Étage 2;33000;Bordeaux;FR;true;
SITE-0946;CLI-0946;Agence;67 cours Mirabeau;;31000;Toulouse;FR;true;
SITE-0947;CLI-0947;Entrepôt;68 rue de la Paix;;44000;Nantes;FR;true;
SITE-0948;CLI-0948;Chantier principal;69 avenue Victor Hugo;;59000;Lille;FR;true;
SITE-0949;CLI-0949;Bureau;70 boulevard Haussmann;;67000;Strasbourg;FR;true;
SITE-0950;CLI-0950;Siège;71 rue du Commerce;;34000;Montpellier;FR;true;
SITE-0951;CLI-0951;Agence;72 place de la République;;06000;Nice;FR;true;
SITE-0952;CLI-0952;Entrepôt;73 chemin des Vignes;;35000;Rennes;FR;true;Site principal
SITE-0953;CLI-0953;Chantier principal;74 impasse des Lilas;;51100;Reims;FR;true;
SITE-0954;CLI-0954;Bureau;75 allée des Tilleuls;Étage 2;21000;Dijon;FR;true;
SITE-0955;CLI-0955;Siège;76 rue Nationale;;80000;Amiens;FR;true;
SITE-0956;CLI-0956;Agence;77 cours Mirabeau;;76000;Rouen;FR;true;
SITE-0957;CLI-0957;Entrepôt;78 rue de la Paix;;14000;Caen;FR;true;
SITE-0958;CLI-0958;Chantier principal;79 avenue Victor Hugo;;29200;Brest;FR;true;
SITE-0959;CLI-0959;Bureau;80 boulevard Haussmann;;29800;Landerneau;FR;true;
SITE-0960;CLI-0960;Siège;1 rue du Commerce;;75001;Paris;FR;true;
SITE-0961;CLI-0961;Agence;2 place de la République;;75002;Paris;FR;true;
SITE-0962;CLI-0962;Entrepôt;3 chemin des Vignes;;69001;Lyon;FR;true;
SITE-0963;CLI-0963;Chantier principal;4 impasse des Lilas;Étage 2;69003;Lyon;FR;true;
SITE-0964;CLI-0964;Bureau;5 allée des Tilleuls;;13001;Marseille;FR;true;
SITE-0965;CLI-0965;Siège;6 rue Nationale;;33000;Bordeaux;FR;true;
SITE-0966;CLI-0966;Agence;7 cours Mirabeau;;31000;Toulouse;FR;true;
SITE-0967;CLI-0967;Entrepôt;8 rue de la Paix;;44000;Nantes;FR;true;
SITE-0968;CLI-0968;Chantier principal;9 avenue Victor Hugo;;59000;Lille;FR;true;
SITE-0969;CLI-0969;Bureau;10 boulevard Haussmann;;67000;Strasbourg;FR;true;Site principal
SITE-0970;CLI-0970;Siège;11 rue du Commerce;;34000;Montpellier;FR;true;
SITE-0971;CLI-0971;Agence;12 place de la République;;06000;Nice;FR;true;
SITE-0972;CLI-0972;Entrepôt;13 chemin des Vignes;Étage 2;35000;Rennes;FR;true;
SITE-0973;CLI-0973;Chantier principal;14 impasse des Lilas;;51100;Reims;FR;true;
SITE-0974;CLI-0974;Bureau;15 allée des Tilleuls;;21000;Dijon;FR;true;
SITE-0975;CLI-0975;Siège;16 rue Nationale;;80000;Amiens;FR;true;
SITE-0976;CLI-0976;Agence;17 cours Mirabeau;;76000;Rouen;FR;true;
SITE-0977;CLI-0977;Entrepôt;18 rue de la Paix;;14000;Caen;FR;true;
SITE-0978;CLI-0978;Chantier principal;19 avenue Victor Hugo;;29200;Brest;FR;true;
SITE-0979;CLI-0979;Bureau;20 boulevard Haussmann;;29800;Landerneau;FR;true;
SITE-0980;CLI-0980;Siège;21 rue du Commerce;;75001;Paris;FR;true;
SITE-0981;CLI-0981;Agence;22 place de la République;Étage 2;75002;Paris;FR;true;
SITE-0982;CLI-0982;Entrepôt;23 chemin des Vignes;;69001;Lyon;FR;true;
SITE-0983;CLI-0983;Chantier principal;24 impasse des Lilas;;69003;Lyon;FR;true;
SITE-0984;CLI-0984;Bureau;25 allée des Tilleuls;;13001;Marseille;FR;true;
SITE-0985;CLI-0985;Siège;26 rue Nationale;;33000;Bordeaux;FR;true;
SITE-0986;CLI-0986;Agence;27 cours Mirabeau;;31000;Toulouse;FR;true;Site principal
SITE-0987;CLI-0987;Entrepôt;28 rue de la Paix;;44000;Nantes;FR;true;
SITE-0988;CLI-0988;Chantier principal;29 avenue Victor Hugo;;59000;Lille;FR;true;
SITE-0989;CLI-0989;Bureau;30 boulevard Haussmann;;67000;Strasbourg;FR;true;
SITE-0990;CLI-0990;Siège;31 rue du Commerce;Étage 2;34000;Montpellier;FR;true;
SITE-0991;CLI-0991;Agence;32 place de la République;;06000;Nice;FR;true;
SITE-0992;CLI-0992;Entrepôt;33 chemin des Vignes;;35000;Rennes;FR;true;
SITE-0993;CLI-0993;Chantier principal;34 impasse des Lilas;;51100;Reims;FR;true;
SITE-0994;CLI-0994;Bureau;35 allée des Tilleuls;;21000;Dijon;FR;true;
SITE-0995;CLI-0995;Siège;36 rue Nationale;;80000;Amiens;FR;true;
SITE-0996;CLI-0996;Agence;37 cours Mirabeau;;76000;Rouen;FR;true;
SITE-0997;CLI-0997;Entrepôt;38 rue de la Paix;;14000;Caen;FR;true;
SITE-0998;CLI-0998;Chantier principal;39 avenue Victor Hugo;;29200;Brest;FR;true;
SITE-0999;CLI-0999;Bureau;40 boulevard Haussmann;Étage 2;29800;Landerneau;FR;true;
SITE-1000;CLI-1000;Siège;41 rue du Commerce;;75001;Paris;FR;true;
